1; 1564944416.85; 13469; 13950; 13136; 13304
2; 1564944416.89; 13540; 13956; 13134; 13308
3; 1564944416.92; 13134; 13308; 13118; 13294
4; 1564944416.96; 13552; 13973; 13121; 13289
5; 1564944417.0; 13527; 13944; 13108; 13275
6; 1564944417.04; 13275; 13907; 13089; 13271
7; 1564944417.07; 13271; 13941; 13124; 13284
8; 1564944417.11; 13531; 13957; 13129; 13286
9; 1564944417.15; 13521; 13946; 13116; 13265
10; 1564944417.19; 13492; 13911; 13082; 13247
11; 1564944417.23; 13491; 13919; 13097; 13250
12; 1564944417.27; 13476; 13893; 13062; 13223
13; 1564944417.55; 13471; 13428; 13028; 13463
14; 1564944417.56; 13428; 13028; 13463; 13891
15; 1564944417.58; 13028; 13463; 13891; 13081
16; 1564944417.59; 13028; 13891; 13471; 13081
17; 1564944417.59; 13028; 13891; 13081; 13278
18; 1564944417.59; 13463; 13891; 13081; 13278
19; 1564944417.6; 13463; 13891; 13081; 13247
20; 1564944417.61; 13471; 13081; 13278; 13232
21; 1564944417.64; 13232; 13946; 13095; 13251
22; 1564944417.68; 13251; 13899; 13061; 13236
23; 1564944417.72; 13236; 13905; 13065; 13234
24; 1564944417.76; 13485; 13892; 13043; 13208
25; 1564944417.8; 13208; 13864; 13035; 13222
26; 1564944417.84; 13470; 13877; 13041; 13221
27; 1564944417.88; 13221; 13869; 13030; 13211
28; 1564944417.92; 13211; 13868; 13037; 13216
29; 1564944417.96; 13466; 13877; 13040; 13219
30; 1564944418.0; 13219; 13870; 13032; 13215
31; 1564944418.04; 13469; 13883; 13051; 13232
32; 1564944418.08; 13232; 13880; 13034; 13216
33; 1564944418.12; 13216; 13873; 13030; 13197
34; 1564944418.16; 13445; 13858; 13034; 13212
35; 1564944418.2; 13212; 13849; 13002; 13183
36; 1564944418.24; 13441; 13860; 13025; 13203
37; 1564944418.28; 13203; 13862; 13031; 13211
38; 1564944418.32; 13462; 13873; 13040; 13218
39; 1564944418.36; 13218; 13875; 13047; 13229
40; 1564944418.4; 13467; 13869; 13032; 13215
41; 1564944418.44; 13215; 13862; 13023; 13200
42; 1564944418.48; 13453; 13865; 13034; 13210
43; 1564944418.52; 13455; 13871; 13036; 13209
44; 1564944418.56; 13209; 13864; 13028; 13211
45; 1564944418.6; 13211; 13852; 13007; 13187
46; 1564944418.64; 13187; 13840; 13002; 13182
47; 1564944418.68; 13433; 13851; 13024; 13207
48; 1564944418.72; 13207; 13866; 13034; 13209
49; 1564944418.76; 13452; 13854; 13016; 13198
50; 1564944418.8; 13198; 13854; 13024; 13212
51; 1564944418.84; 13463; 13872; 13041; 13224
52; 1564944418.88; 13224; 13881; 13042; 13211
53; 1564944418.92; 13211; 13856; 13027; 13218
54; 1564944418.96; 13218; 13871; 13038; 13233
55; 1564944419.0; 13488; 13904; 13080; 13268
56; 1564944419.04; 13268; 13916; 13080; 13263
57; 1564944419.08; 13512; 13920; 13082; 13255
58; 1564944419.12; 13255; 13896; 13058; 13236
59; 1564944419.16; 13482; 13886; 13053; 13236
60; 1564944419.2; 13236; 13881; 13037; 13213
61; 1564944419.24; 13466; 13873; 13035; 13210
62; 1564944419.28; 13210; 13862; 13027; 13209
63; 1564944419.32; 13461; 13872; 13031; 13198
64; 1564944419.36; 13198; 13843; 13015; 13204
65; 1564944419.4; 13455; 13864; 13021; 13194
66; 1564944419.44; 13194; 13839; 13006; 13192
67; 1564944419.48; 13443; 13855; 13022; 13208
68; 1564944419.52; 13208; 13869; 13037; 13220
69; 1564944419.58; 13470; 13873; 13039; 13886
70; 1564944419.6; 13231; 13886; 13041; 13212
71; 1564944419.67; 13466; 13899; 13064; 13234
72; 1564944419.69; 13899; 13064; 13234; 13197
73; 1564944419.72; 13197; 13871; 13034; 13205
74; 1564944419.76; 13205; 13871; 13033; 13210
75; 1564944419.8; 13210; 13878; 13040; 13212
76; 1564944419.84; 13465; 13875; 13023; 13200
77; 1564944419.88; 13200; 13865; 13021; 13200
78; 1564944419.92; 13454; 13857; 13017; 13192
79; 1564944419.96; 13192; 13848; 13015; 13196
80; 1564944420.0; 13196; 13868; 13040; 13223
81; 1564944420.04; 13223; 13872; 13030; 13202
82; 1564944420.07; 13451; 13858; 13024; 13214
83; 1564944420.11; 13469; 13897; 13074; 13241
84; 1564944420.15; 13483; 13909; 13081; 13244
85; 1564944420.19; 13488; 13916; 13083; 13237
86; 1564944420.23; 13471; 13895; 13064; 13227
87; 1564944420.27; 13471; 13895; 13059; 13214
88; 1564944420.31; 13451; 13869; 13042; 13209
89; 1564944420.35; 13454; 13876; 13041; 13198
90; 1564944420.39; 13439; 13855; 13027; 13197
91; 1564944420.43; 13442; 13872; 13036; 13195
92; 1564944420.47; 13439; 13868; 13046; 13210
93; 1564944420.51; 13452; 13877; 13052; 13210
94; 1564944420.55; 13447; 13866; 13039; 13204
95; 1564944420.6; 13440; 13867; 13027; 13186
96; 1564944420.63; 13186; 13835; 13015; 13191
97; 1564944420.67; 13435; 13843; 13002; 13161
98; 1564944420.72; 13404; 13824; 13000; 13181
99; 1564944420.76; 13426; 13833; 12998; 13179
100; 1564944420.8; 13179; 13833; 12993; 13176
101; 1564944420.84; 13438; 13849; 13017; 13196
102; 1564944420.87; 13446; 13864; 13050; 13233
103; 1564944420.91; 13477; 13895; 13064; 13216
104; 1564944420.95; 13450; 13865; 13042; 13207
105; 1564944420.99; 13452; 13876; 13058; 13227
106; 1564944421.03; 13475; 13899; 13087; 13250
107; 1564944421.07; 13487; 13900; 13067; 13224
108; 1564944421.11; 13464; 13884; 13058; 13214
109; 1564944421.15; 13453; 13873; 13059; 13225
110; 1564944421.19; 13466; 13879; 13052; 13208
111; 1564944421.23; 13451; 13871; 13047; 13202
112; 1564944421.27; 13444; 13863; 13045; 13215
113; 1564944421.31; 13464; 13889; 13066; 13234
114; 1564944421.35; 13476; 13894; 13065; 13225
115; 1564944421.39; 13462; 13877; 13051; 13211
116; 1564944421.43; 13448; 13862; 13033; 13191
117; 1564944421.47; 13436; 13859; 13037; 13198
118; 1564944421.51; 13444; 13866; 13040; 13203
119; 1564944421.55; 13449; 13869; 13052; 13214
120; 1564944421.6; 13447; 13849; 13017; 13197
121; 1564944421.64; 13445; 13861; 13027; 13203
122; 1564944421.68; 13203; 13859; 13026; 13204
123; 1564944421.72; 13204; 13855; 13020; 13198
124; 1564944421.76; 13198; 13858; 13025; 13207
125; 1564944421.8; 13207; 13867; 13035; 13221
126; 1564944421.84; 13481; 13895; 13060; 13233
127; 1564944421.87; 13233; 13876; 13047; 13231
128; 1564944421.91; 13486; 13906; 13084; 13246
129; 1564944421.95; 13485; 13899; 13082; 13247
130; 1564944421.99; 13490; 13904; 13073; 13229
131; 1564944422.03; 13472; 13894; 13067; 13228
132; 1564944422.07; 13474; 13895; 13073; 13228
133; 1564944422.11; 13466; 13878; 13053; 13212
134; 1564944422.15; 13455; 13876; 13057; 13224
135; 1564944422.19; 13470; 13890; 13064; 13223
136; 1564944422.23; 13463; 13884; 13059; 13220
137; 1564944422.27; 13461; 13873; 13044; 13209
138; 1564944422.31; 13462; 13887; 13071; 13236
139; 1564944422.35; 13481; 13901; 13075; 13231
140; 1564944422.4; 13497; 13932; 13123; 13279
141; 1564944422.44; 13512; 13907; 13074; 13255
142; 1564944422.48; 13255; 13912; 13074; 13263
143; 1564944422.52; 13509; 13887; 13028; 13187
144; 1564944422.56; 13187; 13830; 13019; 13195
145; 1564944422.6; 13466; 13867; 13046; 13229
146; 1564944422.64; 13229; 13889; 13038; 13197
147; 1564944422.68; 13440; 13840; 13001; 13204
148; 1564944422.72; 13204; 13870; 13049; 13245
149; 1564944422.76; 13245; 13912; 13090; 13257
150; 1564944422.8; 13257; 13878; 13031; 13206
151; 1564944422.84; 13206; 13874; 13040; 13237
152; 1564944422.88; 13237; 13903; 13072; 13265
153; 1564944422.92; 13265; 13893; 13053; 13224
154; 1564944422.96; 13224; 13858; 13047; 13232
155; 1564944423.0; 13232; 13912; 13088; 13270
156; 1564944423.04; 13270; 13918; 13059; 13214
157; 1564944423.08; 13214; 13841; 13001; 13200
158; 1564944423.12; 13200; 13876; 13057; 13229
159; 1564944423.16; 13229; 13891; 13066; 13228
160; 1564944423.2; 13228; 13892; 13056; 13220
161; 1564944423.24; 13220; 13851; 13007; 13187
162; 1564944423.28; 13187; 13850; 13022; 13203
163; 1564944423.32; 13203; 13844; 13006; 13180
164; 1564944423.36; 13436; 13835; 13012; 13195
165; 1564944423.4; 13195; 13847; 13011; 13183
166; 1564944423.44; 13183; 13820; 12984; 13166
167; 1564944423.48; 13424; 13822; 12991; 13170
168; 1564944423.52; 13170; 13825; 13001; 13183
169; 1564944423.56; 13443; 13847; 13019; 13203
170; 1564944423.6; 13203; 13840; 13004; 13184
171; 1564944423.64; 13184; 13849; 13020; 13194
172; 1564944423.68; 13194; 13840; 13009; 13191
173; 1564944423.72; 13447; 13848; 13022; 13204
174; 1564944423.76; 13204; 13839; 13007; 13189
175; 1564944423.8; 13189; 13838; 13001; 13181
176; 1564944423.84; 13442; 13846; 13017; 13198
177; 1564944423.88; 13198; 13845; 13014; 13188
178; 1564944423.92; 13188; 13831; 13009; 13195
179; 1564944423.96; 13454; 13855; 13025; 13210
180; 1564944424.0; 13210; 13862; 13032; 13210
181; 1564944424.04; 13461; 13860; 13034; 13212
182; 1564944424.08; 13212; 13860; 13031; 13210
183; 1564944424.12; 13210; 13855; 13025; 13204
184; 1564944424.16; 13204; 13860; 13030; 13210
185; 1564944424.2; 13210; 13852; 13018; 13196
186; 1564944424.24; 13453; 13853; 13034; 13214
187; 1564944424.28; 13214; 13856; 13025; 13201
188; 1564944424.32; 13201; 13849; 13024; 13205
189; 1564944424.36; 13205; 13852; 13016; 13194
190; 1564944424.4; 13194; 13845; 13011; 13188
191; 1564944424.44; 13188; 13844; 13016; 13193
192; 1564944424.48; 13193; 13853; 13027; 13208
193; 1564944424.52; 13208; 13852; 13021; 13205
194; 1564944424.56; 13205; 13843; 13012; 13192
195; 1564944424.6; 13192; 13849; 13027; 13209
196; 1564944424.64; 13467; 13860; 13028; 13199
197; 1564944424.68; 13199; 13844; 13016; 13196
198; 1564944424.72; 13451; 13849; 13023; 13207
199; 1564944424.76; 13207; 13859; 13024; 13201
200; 1564944424.8; 13201; 13853; 13027; 13212
201; 1564944424.84; 13473; 13873; 13052; 13235
202; 1564944424.88; 13487; 13887; 13054; 13234
203; 1564944424.92; 13234; 13878; 13052; 13238
204; 1564944424.96; 13506; 13903; 13068; 13238
205; 1564944425.0; 13238; 13873; 13040; 13216
206; 1564944425.04; 13216; 13851; 13019; 13197
207; 1564944425.08; 13459; 13861; 13031; 13215
208; 1564944425.11; 13215; 13861; 13030; 13213
209; 1564944425.15; 13474; 13883; 13068; 13236
210; 1564944425.19; 13494; 13907; 13081; 13237
211; 1564944425.24; 13486; 13903; 13079; 13244
212; 1564944425.28; 13491; 13890; 13063; 13245
213; 1564944425.32; 13499; 13900; 13063; 13229
214; 1564944425.36; 13480; 13877; 13050; 13236
215; 1564944425.4; 13236; 13890; 13054; 13225
216; 1564944425.44; 13480; 13873; 13042; 13221
217; 1564944425.49; 13482; 13889; 13059; 13478
218; 1564944425.52; 13478; 13863; 13027; 13215
219; 1564944425.56; 13470; 13874; 13039; 13220
220; 1564944425.6; 13220; 13882; 13058; 13241
221; 1564944425.64; 13241; 13894; 13065; 13240
222; 1564944425.68; 13494; 13896; 13070; 13249
223; 1564944425.72; 13249; 13897; 13071; 13257
224; 1564944425.76; 13257; 13900; 13070; 13254
225; 1564944425.8; 13527; 13929; 13099; 13279
226; 1564944425.84; 13279; 13915; 13079; 13248
227; 1564944425.88; 13505; 13889; 13051; 13225
228; 1564944425.92; 13225; 13875; 13049; 13236
229; 1564944425.96; 13501; 13901; 13070; 13245
230; 1564944426.0; 13245; 13890; 13058; 13236
231; 1564944426.04; 13496; 13886; 13051; 13221
232; 1564944426.08; 13221; 13868; 13033; 13206
233; 1564944426.12; 13469; 13864; 13044; 13229
234; 1564944426.16; 13229; 13878; 13050; 13233
235; 1564944426.2; 13233; 13886; 13048; 13221
236; 1564944426.24; 13221; 13864; 13032; 13204
237; 1564944426.28; 13464; 13853; 13024; 13210
238; 1564944426.32; 13210; 13866; 13031; 13214
239; 1564944426.36; 13483; 13869; 13027; 13202
240; 1564944426.4; 13202; 13842; 13005; 13174
241; 1564944426.44; 13438; 13842; 13021; 13199
242; 1564944426.48; 13199; 13852; 13019; 13194
243; 1564944426.52; 13194; 13853; 13031; 13219
244; 1564944426.56; 13219; 13872; 13037; 13219
245; 1564944426.6; 13219; 13856; 13021; 13198
246; 1564944426.64; 13198; 13848; 13014; 13196
247; 1564944426.68; 13462; 13859; 13027; 13200
248; 1564944426.72; 13200; 13847; 13013; 13197
249; 1564944426.76; 13466; 13869; 13042; 13227
250; 1564944426.8; 13227; 13883; 13049; 13230
251; 1564944426.84; 13490; 13885; 13054; 13233
252; 1564944426.88; 13487; 13886; 13047; 13219
253; 1564944426.92; 13219; 13860; 13026; 13204
254; 1564944426.96; 13467; 13864; 13033; 13217
255; 1564944427.0; 13217; 13873; 13041; 13214
256; 1564944427.04; 13214; 13856; 13025; 13210
257; 1564944427.08; 13477; 13881; 13046; 13219
258; 1564944427.12; 13219; 13863; 13034; 13214
259; 1564944427.16; 13214; 13857; 13026; 13208
260; 1564944427.2; 13208; 13865; 13035; 13214
261; 1564944427.24; 13471; 13862; 13029; 13213
262; 1564944427.28; 13473; 13877; 13042; 13218
263; 1564944427.32; 13218; 13872; 13039; 13216
264; 1564944427.36; 13474; 13866; 13030; 13213
265; 1564944427.4; 13473; 13875; 13043; 13225
266; 1564944427.44; 13481; 13875; 13031; 13206
267; 1564944427.48; 13465; 13869; 13042; 13225
268; 1564944427.52; 13484; 13885; 13050; 13231
269; 1564944427.56; 13231; 13889; 13058; 13240
270; 1564944427.6; 13240; 13898; 13063; 13241
271; 1564944427.64; 13241; 13887; 13054; 13229
272; 1564944427.68; 13493; 13891; 13058; 13238
273; 1564944427.72; 13495; 13893; 13058; 13234
274; 1564944427.76; 13489; 13893; 13067; 13248
275; 1564944427.8; 13248; 13899; 13063; 13238
276; 1564944427.84; 13501; 13896; 13059; 13231
277; 1564944427.88; 13487; 13880; 13042; 13214
278; 1564944427.92; 13468; 13862; 13031; 13217
279; 1564944427.96; 13483; 13884; 13043; 13216
280; 1564944428.0; 13475; 13876; 13042; 13224
281; 1564944428.04; 13224; 13868; 13028; 13201
282; 1564944428.07; 13201; 13870; 13051; 13227
283; 1564944428.11; 13491; 13900; 13072; 13234
284; 1564944428.15; 13482; 13893; 13064; 13218
285; 1564944428.19; 13464; 13871; 13044; 13208
286; 1564944428.23; 13465; 13880; 13055; 13214
287; 1564944428.27; 13467; 13883; 13057; 13212
288; 1564944428.31; 13462; 13870; 13037; 13192
289; 1564944428.35; 13444; 13863; 13048; 13218
290; 1564944428.39; 13473; 13883; 13056; 13214
291; 1564944428.43; 13456; 13865; 13045; 13211
292; 1564944428.47; 13463; 13876; 13039; 13195
293; 1564944428.51; 13447; 13853; 13025; 13186
294; 1564944428.56; 13438; 13835; 13007; 13180
295; 1564944428.6; 13432; 13824; 12994; 13180
296; 1564944428.63; 13180; 13845; 13027; 13216
297; 1564944428.67; 13483; 13895; 13068; 13225
298; 1564944428.71; 13476; 13882; 13056; 13217
299; 1564944428.75; 13463; 13871; 13044; 13199
300; 1564944428.8; 13445; 13839; 13012; 13196
301; 1564944428.84; 13452; 13846; 13007; 13187
302; 1564944428.88; 13187; 13833; 12998; 13182
303; 1564944428.92; 13450; 13847; 13006; 13181
304; 1564944428.96; 13181; 13836; 13001; 13181
305; 1564944429.0; 13445; 13837; 12996; 13177
306; 1564944429.04; 13177; 13842; 13014; 13204
307; 1564944429.08; 13471; 13865; 13026; 13200
308; 1564944429.12; 13200; 13839; 13004; 13189
309; 1564944429.16; 13459; 13849; 13006; 13182
310; 1564944429.2; 13182; 13824; 12984; 13166
311; 1564944429.24; 13166; 13832; 13007; 13195
312; 1564944429.28; 13461; 13861; 13031; 13218
313; 1564944429.32; 13478; 13880; 13045; 13218
314; 1564944429.36; 13218; 13874; 13040; 13216
315; 1564944429.4; 13478; 13869; 13035; 13226
316; 1564944429.44; 13226; 13893; 13059; 13235
317; 1564944429.48; 13494; 13882; 13049; 13230
318; 1564944429.52; 13230; 13870; 13035; 13211
319; 1564944429.56; 13211; 13870; 13040; 13221
320; 1564944429.6; 13221; 13879; 13056; 13246
321; 1564944429.64; 13246; 13906; 13079; 13270
322; 1564944429.68; 13538; 13934; 13094; 13260
323; 1564944429.72; 13260; 13907; 13078; 13257
324; 1564944429.76; 13526; 13923; 13089; 13263
325; 1564944429.8; 13263; 13913; 13080; 13256
326; 1564944429.84; 13518; 13906; 13067; 13245
327; 1564944429.88; 13245; 13889; 13047; 13223
328; 1564944429.92; 13487; 13878; 13041; 13223
329; 1564944429.96; 13223; 13865; 13023; 13202
330; 1564944430.0; 13472; 13869; 13042; 13225
331; 1564944430.04; 13225; 13875; 13047; 13224
332; 1564944430.08; 13490; 13874; 13032; 13211
333; 1564944430.12; 13211; 13865; 13036; 13222
334; 1564944430.16; 13492; 13887; 13049; 13232
335; 1564944430.2; 13232; 13880; 13038; 13224
336; 1564944430.24; 13514; 13936; 13120; 13308
337; 1564944430.28; 13308; 13948; 13092; 13246
338; 1564944430.32; 13246; 13880; 13044; 13223
339; 1564944430.36; 13490; 13886; 13052; 13226
340; 1564944430.4; 13226; 13863; 13024; 13204
341; 1564944430.44; 13204; 13867; 13034; 13212
342; 1564944430.48; 13212; 13855; 13017; 13201
343; 1564944430.52; 13201; 13857; 13022; 13216
344; 1564944430.56; 13216; 13895; 13066; 13243
345; 1564944430.6; 13243; 13882; 13036; 13220
346; 1564944430.64; 13220; 13885; 13053; 13234
347; 1564944430.68; 13501; 13894; 13059; 13234
348; 1564944430.72; 13488; 13882; 13042; 13220
349; 1564944430.76; 13220; 13876; 13040; 13225
350; 1564944430.8; 13495; 13890; 13048; 13219
351; 1564944430.84; 13473; 13869; 13027; 13204
352; 1564944430.88; 13462; 13860; 13024; 13200
353; 1564944430.92; 13200; 13844; 13003; 13182
354; 1564944430.96; 13451; 13847; 13019; 13199
355; 1564944431.0; 13459; 13857; 13024; 13209
356; 1564944431.04; 13209; 13862; 13021; 13197
357; 1564944431.08; 13197; 13857; 13028; 13214
358; 1564944431.12; 13486; 13881; 13046; 13224
359; 1564944431.16; 13224; 13871; 13040; 13224
360; 1564944431.2; 13224; 13874; 13036; 13216
361; 1564944431.24; 13216; 13873; 13037; 13219
362; 1564944431.28; 13219; 13880; 13047; 13230
363; 1564944431.32; 13230; 13881; 13046; 13233
364; 1564944431.36; 13506; 13900; 13061; 13238
365; 1564944431.4; 13238; 13893; 13051; 13223
366; 1564944431.44; 13490; 13891; 13061; 13243
367; 1564944431.48; 13504; 13897; 13057; 13241
368; 1564944431.52; 13506; 13898; 13055; 13228
369; 1564944431.56; 13228; 13873; 13046; 13226
370; 1564944431.6; 13490; 13878; 13045; 13221
371; 1564944431.64; 13221; 13867; 13027; 13208
372; 1564944431.67; 13483; 13883; 13048; 13231
373; 1564944431.71; 13492; 13899; 13074; 13234
374; 1564944431.75; 13489; 13903; 13084; 13249
375; 1564944431.79; 13513; 13929; 13096; 13250
376; 1564944431.83; 13499; 13905; 13072; 13227
377; 1564944431.87; 13480; 13884; 13060; 13228
378; 1564944431.91; 13496; 13915; 13075; 13235
379; 1564944431.95; 13493; 13905; 13071; 13230
380; 1564944431.99; 13483; 13880; 13046; 13215
381; 1564944432.04; 13471; 13863; 13027; 13204
382; 1564944432.08; 13465; 13865; 13032; 13211
383; 1564944432.12; 13211; 13862; 13034; 13217
384; 1564944432.16; 13217; 13870; 13040; 13228
385; 1564944432.2; 13228; 13876; 13042; 13226
386; 1564944432.24; 13498; 13892; 13056; 13232
387; 1564944432.28; 13232; 13873; 13035; 13218
388; 1564944432.32; 13218; 13865; 13021; 13196
389; 1564944432.36; 13461; 13847; 13022; 13211
390; 1564944432.4; 13211; 13860; 13021; 13192
391; 1564944432.44; 13192; 13833; 12998; 13182
392; 1564944432.48; 13182; 13838; 13011; 13207
393; 1564944432.52; 13207; 13868; 13023; 13192
394; 1564944432.56; 13457; 13843; 13008; 13192
395; 1564944432.6; 13192; 13845; 13011; 13202
396; 1564944432.64; 13474; 13865; 13027; 13208
397; 1564944432.68; 13208; 13866; 13040; 13226
398; 1564944432.72; 13493; 13879; 13040; 13215
399; 1564944432.76; 13215; 13867; 13037; 13222
400; 1564944432.8; 13222; 13891; 13064; 13246
401; 1564944432.84; 13246; 13884; 13039; 13220
402; 1564944432.88; 13488; 13877; 13048; 13237
403; 1564944432.92; 13237; 13896; 13060; 13239
404; 1564944432.96; 13507; 13892; 13058; 13237
405; 1564944433.0; 13498; 13891; 13060; 13241
406; 1564944433.04; 13241; 13883; 13052; 13239
407; 1564944433.08; 13239; 13879; 13041; 13221
408; 1564944433.12; 13221; 13865; 13028; 13206
409; 1564944433.16; 13473; 13859; 13026; 13215
410; 1564944433.2; 13215; 13872; 13040; 13223
411; 1564944433.24; 13223; 13876; 13037; 13213
412; 1564944433.28; 13482; 13869; 13038; 13218
413; 1564944433.32; 13218; 13885; 13061; 13249
414; 1564944433.4; 13502; 13879; 13030; 13196
415; 1564944433.45; 13455; 13863; 13044; 13231
416; 1564944433.45; 13455; 13863; 13044; 13231
417; 1564944433.48; 13044; 13231; 13035; 13204
418; 1564944433.52; 13482; 13882; 13036; 13212
419; 1564944433.56; 13479; 13870; 13031; 13215
420; 1564944433.6; 13215; 13864; 13026; 13202
421; 1564944433.64; 13202; 13839; 12992; 13163
422; 1564944433.68; 13163; 13807; 12971; 13156
423; 1564944433.72; 13156; 13819; 12987; 13170
424; 1564944433.76; 13438; 13822; 12995; 13180
425; 1564944433.8; 13180; 13837; 13012; 13207
426; 1564944433.84; 13482; 13878; 13053; 13242
427; 1564944433.88; 13242; 13882; 13045; 13222
428; 1564944433.92; 13487; 13869; 13038; 13225
429; 1564944433.96; 13225; 13866; 13031; 13218
430; 1564944434.0; 13218; 13872; 13039; 13223
431; 1564944434.04; 13490; 13874; 13037; 13214
432; 1564944434.08; 13214; 13855; 13023; 13212
433; 1564944434.12; 13212; 13868; 13031; 13208
434; 1564944434.16; 13475; 13858; 13027; 13202
435; 1564944434.2; 13202; 13843; 13012; 13198
436; 1564944434.24; 13469; 13860; 13031; 13219
437; 1564944434.28; 13219; 13870; 13040; 13224
438; 1564944434.32; 13492; 13869; 13033; 13222
439; 1564944434.36; 13222; 13882; 13057; 13241
440; 1564944434.4; 13241; 13879; 13045; 13226
441; 1564944434.44; 13226; 13875; 13042; 13229
442; 1564944434.48; 13499; 13885; 13053; 13237
443; 1564944434.52; 13237; 13884; 13049; 13231
444; 1564944434.56; 13499; 13879; 13043; 13227
445; 1564944434.6; 13227; 13883; 13049; 13237
446; 1564944434.63; 13237; 13912; 13094; 13268
447; 1564944434.67; 13531; 13932; 13108; 13276
448; 1564944434.71; 13536; 13936; 13102; 13263
449; 1564944434.76; 13517; 13906; 13077; 13260
450; 1564944434.8; 13520; 13908; 13079; 13264
451; 1564944434.84; 13264; 13909; 13069; 13254
452; 1564944434.88; 13254; 13914; 13087; 13263
453; 1564944434.92; 13529; 13914; 13081; 13256
454; 1564944434.96; 13256; 13900; 13067; 13248
455; 1564944435.0; 13248; 13892; 13058; 13241
456; 1564944435.04; 13510; 13891; 13054; 13237
457; 1564944435.08; 13237; 13892; 13062; 13241
458; 1564944435.12; 13510; 13897; 13067; 13242
459; 1564944435.16; 13242; 13886; 13046; 13229
460; 1564944435.2; 13229; 13879; 13044; 13220
461; 1564944435.24; 13220; 13863; 13036; 13231
462; 1564944435.28; 13516; 13911; 13080; 13262
463; 1564944435.32; 13262; 13889; 13041; 13219
464; 1564944435.36; 13493; 13878; 13039; 13217
465; 1564944435.4; 13217; 13865; 13032; 13218
466; 1564944435.44; 13500; 13887; 13040; 13214
467; 1564944435.48; 13214; 13873; 13048; 13238
468; 1564944435.52; 13238; 13885; 13041; 13221
469; 1564944435.56; 13221; 13885; 13056; 13243
470; 1564944435.6; 13243; 13888; 13056; 13245
471; 1564944435.64; 13522; 13900; 13062; 13244
472; 1564944435.68; 13244; 13904; 13073; 13253
473; 1564944435.72; 13520; 13897; 13051; 13226
474; 1564944435.76; 13226; 13881; 13044; 13224
475; 1564944435.86; 13496; 13883; 13060; 13217
476; 1564944435.9; 13217; 13893; 13058; 13242
477; 1564944435.9; 13217; 13893; 13058; 13242
478; 1564944435.92; 13058; 13242; 13064; 13243
479; 1564944435.96; 13243; 13915; 13062; 13228
480; 1564944436.0; 13228; 13878; 13037; 13213
481; 1564944436.04; 13213; 13872; 13036; 13217
482; 1564944436.08; 13217; 13880; 13037; 13210
483; 1564944436.12; 13210; 13865; 13025; 13203
484; 1564944436.16; 13203; 13853; 13012; 13194
485; 1564944436.2; 13467; 13848; 13008; 13193
486; 1564944436.24; 13459; 13854; 13021; 13201
487; 1564944436.28; 13201; 13854; 13024; 13209
488; 1564944436.32; 13475; 13855; 13019; 13204
489; 1564944436.36; 13469; 13858; 13020; 13202
490; 1564944436.4; 13202; 13850; 13014; 13196
491; 1564944436.44; 13196; 13842; 13010; 13196
492; 1564944436.48; 13469; 13861; 13021; 13195
493; 1564944436.52; 13195; 13846; 13013; 13192
494; 1564944436.56; 13461; 13848; 13008; 13188
495; 1564944436.6; 13188; 13845; 13003; 13183
496; 1564944436.64; 13449; 13838; 13009; 13197
497; 1564944436.68; 13197; 13848; 13014; 13198
498; 1564944436.72; 13468; 13863; 13040; 13227
499; 1564944436.76; 13492; 13884; 13044; 13227
500; 1564944436.8; 13227; 13877; 13043; 13224
501; 1564944436.84; 13491; 13877; 13043; 13223
502; 1564944436.88; 13489; 13881; 13046; 13221
503; 1564944436.92; 13221; 13867; 13033; 13220
504; 1564944436.96; 13496; 13889; 13053; 13229
505; 1564944437.0; 13229; 13874; 13028; 13197
506; 1564944437.04; 13197; 13845; 13019; 13206
507; 1564944437.08; 13480; 13869; 13032; 13208
508; 1564944437.12; 13208; 13855; 13019; 13206
509; 1564944437.16; 13480; 13861; 13029; 13219
510; 1564944437.2; 13219; 13875; 13043; 13222
511; 1564944437.24; 13491; 13875; 13041; 13217
512; 1564944437.28; 13217; 13867; 13035; 13212
513; 1564944437.32; 13485; 13865; 13027; 13206
514; 1564944437.36; 13206; 13861; 13034; 13215
515; 1564944437.4; 13485; 13873; 13041; 13219
516; 1564944437.44; 13482; 13868; 13034; 13221
517; 1564944437.48; 13488; 13877; 13037; 13211
518; 1564944437.51; 13211; 13858; 13042; 13228
519; 1564944437.55; 13504; 13906; 13087; 13252
520; 1564944437.59; 13509; 13902; 13071; 13232
521; 1564944437.63; 13488; 13882; 13049; 13210
522; 1564944437.67; 13476; 13882; 13058; 13222
523; 1564944437.71; 13491; 13898; 13072; 13229
524; 1564944437.75; 13488; 13894; 13068; 13228
525; 1564944437.79; 13487; 13890; 13070; 13237
526; 1564944437.83; 13497; 13887; 13064; 13230
527; 1564944437.87; 13488; 13886; 13064; 13229
528; 1564944437.91; 13491; 13893; 13072; 13234
529; 1564944437.95; 13495; 13898; 13074; 13232
530; 1564944437.99; 13496; 13897; 13073; 13231
531; 1564944438.03; 13484; 13880; 13056; 13221
532; 1564944438.08; 13476; 13867; 13044; 13228
533; 1564944438.12; 13490; 13874; 13040; 13226
534; 1564944438.16; 13226; 13879; 13046; 13230
535; 1564944438.2; 13511; 13903; 13073; 13253
536; 1564944438.24; 13253; 13895; 13055; 13232
537; 1564944438.28; 13507; 13887; 13051; 13232
538; 1564944438.32; 13232; 13881; 13050; 13230
539; 1564944438.36; 13230; 13875; 13043; 13221
540; 1564944438.4; 13491; 13871; 13037; 13219
541; 1564944438.44; 13219; 13867; 13037; 13218
542; 1564944438.48; 13489; 13868; 13037; 13228
543; 1564944438.52; 13228; 13893; 13069; 13261
544; 1564944438.56; 13537; 13916; 13079; 13255
545; 1564944438.6; 13255; 13905; 13075; 13258
546; 1564944438.64; 13530; 13911; 13077; 13252
547; 1564944438.68; 13252; 13890; 13058; 13240
548; 1564944438.72; 13240; 13898; 13066; 13249
549; 1564944438.76; 13524; 13906; 13071; 13260
550; 1564944438.81; 13260; 13914; 13067; 13240
551; 1564944438.89; 13517; 13950; 13120; 13296
552; 1564944438.91; 13950; 13120; 13296; 13253
553; 1564944438.92; 13120; 13296; 13253; 13219
554; 1564944438.96; 13219; 13898; 13058; 13241
555; 1564944439.0; 13241; 13914; 13065; 13236
556; 1564944439.04; 13236; 13888; 13053; 13243
557; 1564944439.08; 13243; 13907; 13065; 13237
558; 1564944439.12; 13237; 13870; 13032; 13215
559; 1564944439.16; 13215; 13870; 13032; 13222
560; 1564944439.2; 13502; 13888; 13054; 13234
561; 1564944439.24; 13505; 13898; 13056; 13237
562; 1564944439.28; 13237; 13899; 13061; 13244
563; 1564944439.32; 13244; 13899; 13059; 13236
564; 1564944439.36; 13509; 13898; 13077; 13260
565; 1564944439.4; 13260; 13895; 13051; 13228
566; 1564944439.44; 13507; 13899; 13062; 13243
567; 1564944439.48; 13243; 13895; 13065; 13252
568; 1564944439.52; 13526; 13916; 13084; 13266
569; 1564944439.56; 13266; 13914; 13070; 13239
570; 1564944439.6; 13505; 13882; 13044; 13231
571; 1564944439.64; 13231; 13890; 13048; 13226
572; 1564944439.68; 13498; 13883; 13053; 13239
573; 1564944439.72; 13239; 13891; 13054; 13239
574; 1564944439.76; 13514; 13898; 13066; 13252
575; 1564944439.8; 13252; 13906; 13066; 13247
576; 1564944439.84; 13515; 13889; 13045; 13229
577; 1564944439.88; 13229; 13884; 13043; 13228
578; 1564944439.92; 13228; 13878; 13034; 13217
579; 1564944439.96; 13217; 13868; 13027; 13204
580; 1564944440.0; 13204; 13863; 13034; 13231
581; 1564944440.04; 13231; 13889; 13052; 13234
582; 1564944440.08; 13234; 13878; 13038; 13220
583; 1564944440.12; 13491; 13871; 13035; 13220
584; 1564944440.16; 13220; 13876; 13042; 13227
585; 1564944440.2; 13227; 13882; 13049; 13236
586; 1564944440.24; 13236; 13885; 13043; 13220
587; 1564944440.28; 13494; 13878; 13041; 13220
588; 1564944440.32; 13220; 13880; 13045; 13223
589; 1564944440.36; 13223; 13873; 13039; 13222
590; 1564944440.4; 13497; 13880; 13042; 13229
591; 1564944440.44; 13495; 13876; 13030; 13215
592; 1564944440.48; 13215; 13871; 13029; 13204
593; 1564944440.52; 13473; 13844; 12999; 13180
594; 1564944440.56; 13447; 13830; 12985; 13172
595; 1564944440.6; 13442; 13829; 12993; 13180
596; 1564944440.64; 13180; 13825; 12987; 13170
597; 1564944440.68; 13447; 13830; 12993; 13178
598; 1564944440.72; 13178; 13842; 13011; 13199
599; 1564944440.76; 13477; 13866; 13035; 13224
600; 1564944440.8; 13492; 13874; 13033; 13210
601; 1564944440.84; 13477; 13858; 13026; 13210
602; 1564944440.88; 13480; 13864; 13029; 13215
603; 1564944440.92; 13484; 13864; 13019; 13198
604; 1564944440.96; 13198; 13852; 13016; 13205
605; 1564944440.99; 13205; 13894; 13076; 13247
606; 1564944441.03; 13518; 13913; 13081; 13243
607; 1564944441.07; 13509; 13910; 13076; 13234
608; 1564944441.11; 13500; 13896; 13060; 13225
609; 1564944441.15; 13493; 13879; 13046; 13222
610; 1564944441.2; 13489; 13877; 13045; 13235
611; 1564944441.24; 13509; 13901; 13060; 13232
612; 1564944441.28; 13490; 13867; 13026; 13211
613; 1564944441.32; 13211; 13873; 13037; 13225
614; 1564944441.36; 13498; 13876; 13034; 13209
615; 1564944441.4; 13478; 13862; 13022; 13205
616; 1564944441.43; 13205; 13865; 13029; 13220
617; 1564944441.47; 13220; 13898; 13073; 13239
618; 1564944441.51; 13513; 13907; 13076; 13244
619; 1564944441.55; 13517; 13922; 13092; 13256
620; 1564944441.59; 13525; 13925; 13094; 13257
621; 1564944441.63; 13520; 13909; 13071; 13235
622; 1564944441.67; 13501; 13894; 13055; 13218
623; 1564944441.71; 13499; 13912; 13080; 13242
624; 1564944441.75; 13506; 13900; 13064; 13225
625; 1564944441.79; 13492; 13888; 13051; 13212
626; 1564944441.83; 13485; 13887; 13059; 13224
627; 1564944441.87; 13491; 13887; 13049; 13210
628; 1564944441.91; 13483; 13893; 13069; 13237
629; 1564944441.96; 13507; 13911; 13085; 13254
630; 1564944441.99; 13254; 13898; 13056; 13241
631; 1564944442.04; 13520; 13904; 13070; 13244
632; 1564944442.08; 13507; 13887; 13053; 13237
633; 1564944442.12; 13237; 13886; 13046; 13223
634; 1564944442.16; 13499; 13877; 13047; 13235
635; 1564944442.2; 13235; 13885; 13044; 13225
636; 1564944442.24; 13225; 13867; 13027; 13209
637; 1564944442.28; 13209; 13867; 13040; 13230
638; 1564944442.32; 13508; 13888; 13049; 13234
639; 1564944442.36; 13234; 13892; 13057; 13233
640; 1564944442.4; 13233; 13880; 13040; 13220
641; 1564944442.44; 13495; 13870; 13034; 13222
642; 1564944442.48; 13222; 13877; 13037; 13221
643; 1564944442.52; 13499; 13884; 13055; 13238
644; 1564944442.56; 13506; 13886; 13051; 13229
645; 1564944442.6; 13498; 13886; 13049; 13231
646; 1564944442.64; 13231; 13880; 13045; 13233
647; 1564944442.68; 13512; 13896; 13067; 13256
648; 1564944442.72; 13256; 13906; 13059; 13240
649; 1564944442.76; 13240; 13892; 13053; 13236
650; 1564944442.8; 13236; 13888; 13049; 13228
651; 1564944442.84; 13504; 13877; 13039; 13223
652; 1564944442.88; 13223; 13869; 13027; 13220
653; 1564944442.92; 13506; 13890; 13048; 13229
654; 1564944442.96; 13502; 13897; 13064; 13249
655; 1564944443.0; 13249; 13888; 13040; 13225
656; 1564944443.04; 13509; 13891; 13046; 13219
657; 1564944443.08; 13490; 13867; 13023; 13201
658; 1564944443.12; 13201; 13851; 13014; 13202
659; 1564944443.16; 13202; 13867; 13029; 13211
660; 1564944443.2; 13211; 13860; 13021; 13202
661; 1564944443.24; 13488; 13873; 13034; 13209
662; 1564944443.28; 13481; 13867; 13034; 13218
663; 1564944443.32; 13490; 13885; 13059; 13246
664; 1564944443.36; 13246; 13899; 13058; 13240
665; 1564944443.4; 13240; 13889; 13054; 13237
666; 1564944443.44; 13512; 13888; 13048; 13232
667; 1564944443.48; 13503; 13885; 13050; 13232
668; 1564944443.52; 13232; 13887; 13044; 13226
669; 1564944443.56; 13505; 13883; 13040; 13215
670; 1564944443.6; 13486; 13868; 13035; 13223
671; 1564944443.64; 13223; 13869; 13030; 13208
672; 1564944443.68; 13484; 13868; 13041; 13226
673; 1564944443.72; 13226; 13901; 13066; 13249
674; 1564944443.76; 13249; 13904; 13067; 13250
675; 1564944443.8; 13524; 13901; 13067; 13254
676; 1564944443.84; 13254; 13903; 13060; 13240
677; 1564944443.88; 13240; 13886; 13048; 13226
678; 1564944443.92; 13503; 13880; 13050; 13236
679; 1564944443.96; 13509; 13889; 13048; 13225
680; 1564944444.0; 13225; 13877; 13042; 13226
681; 1564944444.04; 13226; 13887; 13052; 13234
682; 1564944444.08; 13514; 13894; 13054; 13225
683; 1564944444.12; 13494; 13878; 13050; 13232
684; 1564944444.16; 13501; 13882; 13043; 13228
685; 1564944444.2; 13505; 13892; 13055; 13233
686; 1564944444.24; 13233; 13891; 13055; 13234
687; 1564944444.28; 13508; 13883; 13042; 13222
688; 1564944444.32; 13222; 13884; 13048; 13236
689; 1564944444.36; 13519; 13898; 13056; 13233
690; 1564944444.4; 13233; 13886; 13045; 13225
691; 1564944444.44; 13505; 13889; 13056; 13238
692; 1564944444.48; 13513; 13899; 13060; 13239
693; 1564944444.52; 13506; 13891; 13058; 13245
694; 1564944444.56; 13245; 13893; 13050; 13235
695; 1564944444.6; 13516; 13893; 13057; 13232
696; 1564944444.64; 13232; 13875; 13045; 13239
697; 1564944444.68; 13523; 13912; 13083; 13263
698; 1564944444.72; 13263; 13913; 13072; 13248
699; 1564944444.76; 13248; 13900; 13071; 13260
700; 1564944444.8; 13260; 13915; 13075; 13254
701; 1564944444.84; 13538; 13922; 13088; 13271
702; 1564944444.88; 13543; 13920; 13084; 13267
703; 1564944444.92; 13539; 13922; 13088; 13275
704; 1564944444.96; 13275; 13921; 13077; 13253
705; 1564944445.0; 13253; 13911; 13075; 13260
706; 1564944445.04; 13541; 13914; 13072; 13248
707; 1564944445.08; 13519; 13894; 13049; 13226
708; 1564944445.12; 13226; 13891; 13054; 13238
709; 1564944445.16; 13524; 13909; 13079; 13268
710; 1564944445.2; 13268; 13912; 13074; 13253
711; 1564944445.24; 13253; 13900; 13058; 13242
712; 1564944445.28; 13527; 13907; 13068; 13248
713; 1564944445.32; 13248; 13919; 13081; 13256
714; 1564944445.36; 13256; 13900; 13062; 13245
715; 1564944445.4; 13245; 13903; 13071; 13258
716; 1564944445.44; 13538; 13915; 13071; 13245
717; 1564944445.48; 13245; 13892; 13059; 13249
718; 1564944445.52; 13535; 13918; 13080; 13257
719; 1564944445.55; 13257; 13900; 13068; 13257
720; 1564944445.59; 13257; 13931; 13098; 13262
721; 1564944445.63; 13541; 13938; 13108; 13277
722; 1564944445.67; 13551; 13943; 13098; 13258
723; 1564944445.71; 13538; 13937; 13102; 13259
724; 1564944445.75; 13527; 13927; 13100; 13266
725; 1564944445.79; 13544; 13941; 13105; 13264
726; 1564944445.83; 13527; 13906; 13056; 13211
727; 1564944445.87; 13479; 13868; 13031; 13192
728; 1564944445.91; 13464; 13868; 13036; 13200
729; 1564944445.95; 13469; 13861; 13031; 13201
730; 1564944445.99; 13475; 13869; 13044; 13222
731; 1564944446.03; 13506; 13906; 13075; 13236
732; 1564944446.07; 13504; 13901; 13072; 13239
733; 1564944446.11; 13518; 13915; 13077; 13236
734; 1564944446.15; 13504; 13895; 13058; 13217
735; 1564944446.19; 13481; 13877; 13036; 13201
736; 1564944446.23; 13482; 13884; 13056; 13226
737; 1564944446.27; 13501; 13895; 13062; 13222
738; 1564944446.32; 13485; 13867; 13034; 13225
739; 1564944446.36; 13501; 13889; 13053; 13230
740; 1564944446.4; 13230; 13881; 13046; 13233
741; 1564944446.44; 13523; 13923; 13097; 13271
742; 1564944446.48; 13271; 13901; 13060; 13236
743; 1564944446.52; 13236; 13878; 13039; 13225
744; 1564944446.56; 13509; 13888; 13053; 13231
745; 1564944446.6; 13231; 13873; 13033; 13216
746; 1564944446.64; 13216; 13870; 13039; 13223
747; 1564944446.68; 13496; 13879; 13041; 13225
748; 1564944446.72; 13225; 13873; 13035; 13222
749; 1564944446.76; 13507; 13882; 13046; 13223
750; 1564944446.8; 13223; 13860; 13013; 13193
751; 1564944446.84; 13481; 13866; 13031; 13211
752; 1564944446.88; 13211; 13871; 13035; 13223
753; 1564944446.92; 13223; 13886; 13059; 13243
754; 1564944446.96; 13522; 13896; 13060; 13242
755; 1564944447.0; 13242; 13884; 13047; 13231
756; 1564944447.04; 13515; 13901; 13066; 13242
757; 1564944447.08; 13242; 13890; 13058; 13243
758; 1564944447.12; 13243; 13898; 13065; 13250
759; 1564944447.16; 13250; 13901; 13065; 13248
760; 1564944447.2; 13528; 13903; 13073; 13251
761; 1564944447.24; 13251; 13902; 13073; 13260
762; 1564944447.28; 13540; 13913; 13080; 13264
763; 1564944447.32; 13264; 13904; 13067; 13252
764; 1564944447.36; 13532; 13904; 13075; 13260
765; 1564944447.4; 13260; 13896; 13051; 13235
766; 1564944447.44; 13516; 13890; 13055; 13237
767; 1564944447.48; 13237; 13888; 13052; 13239
768; 1564944447.52; 13239; 13900; 13068; 13247
769; 1564944447.56; 13247; 13894; 13060; 13239
770; 1564944447.6; 13518; 13896; 13062; 13239
771; 1564944447.64; 13239; 13884; 13051; 13232
772; 1564944447.67; 13232; 13876; 13043; 13227
773; 1564944447.71; 13512; 13897; 13071; 13242
774; 1564944447.75; 13518; 13915; 13084; 13245
775; 1564944447.79; 13520; 13923; 13094; 13257
776; 1564944447.83; 13537; 13931; 13096; 13258
777; 1564944447.87; 13531; 13919; 13085; 13243
778; 1564944447.91; 13512; 13908; 13084; 13250
779; 1564944447.95; 13522; 13915; 13067; 13222
780; 1564944447.99; 13490; 13886; 13059; 13231
781; 1564944448.03; 13510; 13898; 13070; 13234
782; 1564944448.07; 13512; 13903; 13071; 13230
783; 1564944448.11; 13508; 13904; 13083; 13248
784; 1564944448.15; 13516; 13904; 13074; 13239
785; 1564944448.19; 13510; 13894; 13066; 13235
786; 1564944448.23; 13509; 13903; 13084; 13250
787; 1564944448.27; 13530; 13924; 13092; 13256
788; 1564944448.31; 13529; 13922; 13089; 13249
789; 1564944448.35; 13516; 13908; 13082; 13250
790; 1564944448.39; 13522; 13913; 13082; 13245
791; 1564944448.44; 13508; 13879; 13044; 13233
792; 1564944448.48; 13512; 13890; 13052; 13229
793; 1564944448.52; 13229; 13878; 13045; 13232
794; 1564944448.56; 13514; 13890; 13056; 13233
795; 1564944448.59; 13503; 13874; 13051; 13230
796; 1564944448.63; 13512; 13912; 13082; 13245
797; 1564944448.67; 13512; 13894; 13056; 13214
798; 1564944448.71; 13484; 13876; 13045; 13205
799; 1564944448.75; 13475; 13861; 13030; 13191
800; 1564944448.79; 13464; 13855; 13018; 13183
801; 1564944448.83; 13463; 13863; 13033; 13196
802; 1564944448.87; 13470; 13869; 13052; 13223
803; 1564944448.91; 13501; 13896; 13060; 13221
804; 1564944448.95; 13495; 13890; 13065; 13230
805; 1564944448.99; 13506; 13906; 13083; 13248
806; 1564944449.03; 13518; 13915; 13079; 13240
807; 1564944449.07; 13515; 13919; 13088; 13250
808; 1564944449.11; 13513; 13896; 13063; 13225
809; 1564944449.15; 13497; 13889; 13058; 13223
810; 1564944449.19; 13499; 13900; 13071; 13238
811; 1564944449.23; 13509; 13904; 13072; 13236
812; 1564944449.27; 13502; 13889; 13056; 13220
813; 1564944449.38; 13488; 13873; 13061; 13906
814; 1564944449.4; 13061; 13906; 13055; 13281
815; 1564944449.4; 13061; 13906; 13055; 13281
816; 1564944449.44; 13281; 13957; 13124; 13291
817; 1564944449.48; 13562; 13926; 13074; 13244
818; 1564944449.52; 13244; 13900; 13057; 13234
819; 1564944449.56; 13234; 13896; 13045; 13216
820; 1564944449.6; 13216; 13856; 13012; 13193
821; 1564944449.64; 13193; 13860; 13024; 13208
822; 1564944449.68; 13493; 13868; 13036; 13216
823; 1564944449.72; 13491; 13875; 13040; 13219
824; 1564944449.76; 13219; 13871; 13042; 13230
825; 1564944449.8; 13507; 13879; 13046; 13235
826; 1564944449.84; 13235; 13891; 13056; 13240
827; 1564944449.88; 13522; 13902; 13067; 13243
828; 1564944449.92; 13243; 13882; 13042; 13228
829; 1564944449.96; 13228; 13889; 13052; 13230
830; 1564944450.0; 13230; 13880; 13042; 13226
831; 1564944450.04; 13509; 13890; 13056; 13238
832; 1564944450.08; 13514; 13893; 13048; 13221
833; 1564944450.12; 13492; 13871; 13032; 13216
834; 1564944450.16; 13496; 13880; 13048; 13237
835; 1564944450.2; 13516; 13898; 13058; 13239
836; 1564944450.24; 13239; 13897; 13065; 13244
837; 1564944450.28; 13519; 13893; 13055; 13240
838; 1564944450.32; 13518; 13902; 13072; 13264
839; 1564944450.36; 13542; 13932; 13097; 13272
840; 1564944450.4; 13554; 13953; 13125; 13314
841; 1564944450.44; 13314; 13936; 13074; 13240
842; 1564944450.48; 13517; 13885; 13041; 13217
843; 1564944450.52; 13217; 13865; 13030; 13221
844; 1564944450.56; 13221; 13888; 13061; 13244
845; 1564944450.6; 13514; 13891; 13055; 13239
846; 1564944450.64; 13239; 13883; 13042; 13232
847; 1564944450.68; 13518; 13891; 13051; 13228
848; 1564944450.72; 13500; 13873; 13033; 13215
849; 1564944450.76; 13490; 13871; 13036; 13225
850; 1564944450.8; 13225; 13879; 13035; 13223
851; 1564944450.84; 13223; 13884; 13050; 13235
852; 1564944450.88; 13521; 13900; 13062; 13242
853; 1564944450.92; 13242; 13881; 13036; 13219
854; 1564944450.96; 13219; 13877; 13044; 13234
855; 1564944451.0; 13517; 13895; 13061; 13236
856; 1564944451.04; 13236; 13890; 13060; 13244
857; 1564944451.08; 13527; 13897; 13056; 13230
858; 1564944451.12; 13230; 13888; 13057; 13241
859; 1564944451.16; 13528; 13903; 13068; 13244
860; 1564944451.2; 13516; 13893; 13057; 13238
861; 1564944451.24; 13515; 13890; 13048; 13222
862; 1564944451.28; 13222; 13870; 13038; 13223
863; 1564944451.32; 13510; 13888; 13053; 13240
864; 1564944451.36; 13240; 13891; 13053; 13236
865; 1564944451.4; 13236; 13888; 13055; 13238
866; 1564944451.44; 13521; 13895; 13061; 13240
867; 1564944451.48; 13240; 13904; 13069; 13249
868; 1564944451.52; 13537; 13923; 13093; 13269
869; 1564944451.56; 13537; 13906; 13067; 13251
870; 1564944451.67; 13528; 13882; 13036; 13211
871; 1564944451.71; 13485; 13469; 13910; 13083
872; 1564944451.71; 13485; 13469; 13910; 13083
873; 1564944451.73; 13469; 13910; 13083; 13258
874; 1564944451.76; 13258; 13911; 13075; 13259
875; 1564944451.8; 13259; 13925; 13088; 13271
876; 1564944451.84; 13271; 13939; 13098; 13278
877; 1564944451.88; 13562; 13937; 13095; 13261
878; 1564944451.92; 13261; 13892; 13053; 13239
879; 1564944451.96; 13523; 13897; 13061; 13245
880; 1564944452.0; 13522; 13903; 13066; 13248
881; 1564944452.04; 13248; 13900; 13065; 13252
882; 1564944452.08; 13534; 13912; 13074; 13259
883; 1564944452.12; 13259; 13911; 13072; 13256
884; 1564944452.16; 13540; 13915; 13078; 13258
885; 1564944452.2; 13537; 13911; 13071; 13246
886; 1564944452.24; 13519; 13893; 13054; 13239
887; 1564944452.28; 13239; 13901; 13064; 13243
888; 1564944452.32; 13526; 13901; 13064; 13247
889; 1564944452.35; 13524; 13901; 13067; 13252
890; 1564944452.39; 13252; 13924; 13095; 13259
891; 1564944452.43; 13543; 13931; 13094; 13256
892; 1564944452.47; 13532; 13926; 13088; 13252
893; 1564944452.51; 13530; 13931; 13099; 13262
894; 1564944452.55; 13539; 13934; 13098; 13257
895; 1564944452.59; 13531; 13931; 13094; 13259
896; 1564944452.64; 13534; 13914; 13071; 13242
897; 1564944452.68; 13519; 13906; 13075; 13253
898; 1564944452.72; 13253; 13899; 13055; 13235
899; 1564944452.76; 13521; 13899; 13062; 13237
900; 1564944452.8; 13237; 13893; 13055; 13238
901; 1564944452.84; 13522; 13897; 13059; 13247
902; 1564944452.88; 13247; 13906; 13062; 13238
903; 1564944452.92; 13519; 13898; 13062; 13248
904; 1564944452.96; 13248; 13907; 13071; 13256
905; 1564944453.0; 13541; 13919; 13077; 13250
906; 1564944453.04; 13250; 13900; 13068; 13256
907; 1564944453.08; 13256; 13905; 13069; 13252
908; 1564944453.12; 13535; 13914; 13083; 13261
909; 1564944453.16; 13261; 13913; 13078; 13256
910; 1564944453.2; 13534; 13902; 13054; 13227
911; 1564944453.24; 13227; 13873; 13041; 13230
912; 1564944453.28; 13522; 13906; 13071; 13251
913; 1564944453.32; 13251; 13914; 13080; 13266
914; 1564944453.36; 13266; 13915; 13070; 13254
915; 1564944453.4; 13539; 13916; 13076; 13256
916; 1564944453.44; 13256; 13915; 13075; 13252
917; 1564944453.48; 13532; 13906; 13069; 13250
918; 1564944453.52; 13250; 13900; 13061; 13245
919; 1564944453.56; 13528; 13903; 13065; 13246
920; 1564944453.6; 13246; 13883; 13035; 13213
921; 1564944453.64; 13500; 13885; 13050; 13235
922; 1564944453.68; 13235; 13909; 13076; 13257
923; 1564944453.72; 13539; 13910; 13068; 13249
924; 1564944453.76; 13249; 13903; 13066; 13247
925; 1564944453.8; 13529; 13902; 13061; 13244
926; 1564944453.84; 13244; 13903; 13062; 13242
927; 1564944453.88; 13529; 13904; 13067; 13251
928; 1564944453.92; 13251; 13909; 13073; 13256
929; 1564944453.96; 13537; 13906; 13066; 13246
930; 1564944454.0; 13246; 13902; 13058; 13241
931; 1564944454.04; 13528; 13908; 13068; 13244
932; 1564944454.08; 13244; 13898; 13053; 13233
933; 1564944454.12; 13519; 13898; 13050; 13223
934; 1564944454.16; 13223; 13877; 13042; 13225
935; 1564944454.2; 13512; 13884; 13039; 13215
936; 1564944454.24; 13215; 13873; 13041; 13231
937; 1564944454.28; 13515; 13893; 13055; 13237
938; 1564944454.32; 13237; 13885; 13048; 13233
939; 1564944454.36; 13518; 13895; 13057; 13245
940; 1564944454.4; 13245; 13898; 13052; 13232
941; 1564944454.44; 13516; 13899; 13061; 13243
942; 1564944454.48; 13243; 13903; 13067; 13250
943; 1564944454.52; 13533; 13911; 13070; 13247
944; 1564944454.56; 13247; 13895; 13053; 13234
945; 1564944454.6; 13516; 13893; 13047; 13220
946; 1564944454.64; 13220; 13865; 13025; 13212
947; 1564944454.68; 13212; 13885; 13052; 13235
948; 1564944454.72; 13521; 13899; 13060; 13235
949; 1564944454.76; 13235; 13880; 13047; 13235
950; 1564944454.8; 13515; 13889; 13045; 13220
951; 1564944454.86; 13497; 13916; 13091; 13253
952; 1564944454.88; 13091; 13253; 13039; 13217
953; 1564944454.93; 13518; 13909; 13067; 13252
954; 1564944454.96; 13252; 13905; 13049; 13225
955; 1564944455.0; 13225; 13881; 13037; 13211
956; 1564944455.03; 13211; 13862; 13028; 13206
957; 1564944455.07; 13489; 13871; 13039; 13204
958; 1564944455.11; 13483; 13876; 13043; 13209
959; 1564944455.15; 13488; 13884; 13049; 13215
960; 1564944455.19; 13494; 13888; 13054; 13221
961; 1564944455.23; 13507; 13908; 13074; 13243
962; 1564944455.27; 13521; 13915; 13078; 13235
963; 1564944455.31; 13512; 13909; 13077; 13245
964; 1564944455.35; 13531; 13929; 13089; 13246
965; 1564944455.39; 13522; 13918; 13084; 13243
966; 1564944455.43; 13512; 13899; 13062; 13226
967; 1564944455.47; 13507; 13906; 13070; 13232
968; 1564944455.51; 13509; 13910; 13079; 13241
969; 1564944455.55; 13511; 13901; 13069; 13229
970; 1564944455.59; 13505; 13901; 13067; 13231
971; 1564944455.63; 13514; 13919; 13094; 13260
972; 1564944455.67; 13534; 13919; 13081; 13242
973; 1564944455.71; 13517; 13912; 13078; 13240
974; 1564944455.75; 13515; 13902; 13069; 13231
975; 1564944455.8; 13505; 13889; 13054; 13235
976; 1564944455.84; 13512; 13893; 13056; 13238
977; 1564944455.88; 13238; 13896; 13058; 13233
978; 1564944455.92; 13511; 13882; 13043; 13224
979; 1564944455.96; 13224; 13885; 13052; 13241
980; 1564944456.0; 13241; 13893; 13054; 13232
981; 1564944456.04; 13232; 13891; 13055; 13241
982; 1564944456.08; 13530; 13910; 13072; 13251
983; 1564944456.12; 13251; 13900; 13060; 13239
984; 1564944456.16; 13529; 13902; 13059; 13232
985; 1564944456.2; 13232; 13886; 13050; 13232
986; 1564944456.24; 13232; 13892; 13060; 13243
987; 1564944456.28; 13531; 13907; 13065; 13239
988; 1564944456.32; 13239; 13886; 13052; 13240
989; 1564944456.36; 13528; 13902; 13060; 13234
990; 1564944456.4; 13234; 13888; 13049; 13234
991; 1564944456.44; 13234; 13895; 13050; 13231
992; 1564944456.48; 13523; 13902; 13064; 13246
993; 1564944456.52; 13246; 13909; 13073; 13260
994; 1564944456.56; 13551; 13921; 13079; 13252
995; 1564944456.6; 13252; 13902; 13065; 13259
996; 1564944456.64; 13557; 13937; 13098; 13276
997; 1564944456.67; 13276; 13939; 13106; 13265
998; 1564944456.71; 13546; 13926; 13100; 13265
999; 1564944456.75; 13545; 13940; 13108; 13269
1000; 1564944456.79; 13539; 13924; 13092; 13258
1001; 1564944456.83; 13540; 13934; 13093; 13251
1002; 1564944456.87; 13530; 13926; 13095; 13254
1003; 1564944456.91; 13530; 13919; 13088; 13250
1004; 1564944456.95; 13531; 13922; 13086; 13248
1005; 1564944456.99; 13532; 13933; 13104; 13267
1006; 1564944457.03; 13549; 13939; 13101; 13255
1007; 1564944457.07; 13528; 13915; 13080; 13240
1008; 1564944457.11; 13522; 13908; 13072; 13233
1009; 1564944457.15; 13514; 13907; 13066; 13228
1010; 1564944457.19; 13510; 13895; 13059; 13224
1011; 1564944457.23; 13503; 13892; 13071; 13238
1012; 1564944457.27; 13514; 13901; 13068; 13230
1013; 1564944457.31; 13513; 13906; 13076; 13244
1014; 1564944457.35; 13528; 13919; 13078; 13238
1015; 1564944457.4; 13510; 13882; 13043; 13218
1016; 1564944457.44; 13499; 13879; 13042; 13217
1017; 1564944457.48; 13217; 13857; 13026; 13224
1018; 1564944457.52; 13521; 13901; 13063; 13245
1019; 1564944457.55; 13245; 13902; 13082; 13272
1020; 1564944457.59; 13568; 13960; 13127; 13282
1021; 1564944457.63; 13557; 13943; 13107; 13267
1022; 1564944457.67; 13546; 13935; 13104; 13264
1023; 1564944457.71; 13530; 13922; 13084; 13243
1024; 1564944457.75; 13518; 13910; 13079; 13243
1025; 1564944457.79; 13522; 13911; 13081; 13246
1026; 1564944457.83; 13531; 13925; 13086; 13244
1027; 1564944457.87; 13524; 13917; 13084; 13251
1028; 1564944457.91; 13535; 13921; 13082; 13243
1029; 1564944457.95; 13523; 13915; 13076; 13232
1030; 1564944457.99; 13512; 13907; 13082; 13252
1031; 1564944458.03; 13538; 13928; 13097; 13267
1032; 1564944458.07; 13549; 13939; 13107; 13269
1033; 1564944458.11; 13545; 13937; 13107; 13270
1034; 1564944458.15; 13550; 13935; 13098; 13257
1035; 1564944458.19; 13534; 13922; 13093; 13261
1036; 1564944458.23; 13545; 13934; 13096; 13251
1037; 1564944458.27; 13531; 13902; 13069; 13231
1038; 1564944458.32; 13502; 13872; 13039; 13214
1039; 1564944458.36; 13214; 13858; 13022; 13205
1040; 1564944458.4; 13502; 13880; 13044; 13223
1041; 1564944458.44; 13511; 13887; 13047; 13226
1042; 1564944458.47; 13226; 13901; 13079; 13244
1043; 1564944458.51; 13528; 13909; 13070; 13231
1044; 1564944458.55; 13511; 13905; 13072; 13234
1045; 1564944458.59; 13517; 13911; 13081; 13245
1046; 1564944458.63; 13523; 13913; 13085; 13249
1047; 1564944458.67; 13536; 13935; 13109; 13270
1048; 1564944458.71; 13550; 13937; 13106; 13264
1049; 1564944458.75; 13535; 13918; 13084; 13247
1050; 1564944458.79; 13527; 13921; 13085; 13250
1051; 1564944458.83; 13530; 13923; 13096; 13263
1052; 1564944458.87; 13540; 13914; 13080; 13240
1053; 1564944458.91; 13522; 13911; 13074; 13231
1054; 1564944458.95; 13514; 13903; 13071; 13235
1055; 1564944458.99; 13512; 13897; 13062; 13228
1056; 1564944459.03; 13514; 13896; 13055; 13213
1057; 1564944459.07; 13491; 13877; 13047; 13216
1058; 1564944459.11; 13509; 13908; 13082; 13248
1059; 1564944459.15; 13528; 13922; 13094; 13261
1060; 1564944459.2; 13536; 13906; 13068; 13243
1061; 1564944459.24; 13518; 13889; 13053; 13238
1062; 1564944459.28; 13238; 13890; 13052; 13231
1063; 1564944459.32; 13517; 13890; 13054; 13238
1064; 1564944459.35; 13238; 13896; 13058; 13232
1065; 1564944459.39; 13232; 13896; 13072; 13238
1066; 1564944459.43; 13525; 13906; 13072; 13232
1067; 1564944459.47; 13517; 13910; 13079; 13245
1068; 1564944459.51; 13532; 13924; 13088; 13247
1069; 1564944459.55; 13522; 13906; 13074; 13240
1070; 1564944459.59; 13517; 13899; 13070; 13239
1071; 1564944459.63; 13523; 13915; 13079; 13240
1072; 1564944459.67; 13520; 13905; 13069; 13233
1073; 1564944459.71; 13519; 13914; 13082; 13245
1074; 1564944459.75; 13523; 13911; 13070; 13230
1075; 1564944459.79; 13515; 13904; 13071; 13239
1076; 1564944459.83; 13529; 13921; 13084; 13241
1077; 1564944459.87; 13513; 13899; 13068; 13234
1078; 1564944459.91; 13516; 13902; 13065; 13224
1079; 1564944459.95; 13502; 13881; 13041; 13199
1080; 1564944459.99; 13476; 13854; 13011; 13174
1081; 1564944460.03; 13462; 13858; 13031; 13197
1082; 1564944460.07; 13481; 13874; 13048; 13212
1083; 1564944460.12; 13485; 13856; 13026; 13212
1084; 1564944460.16; 13496; 13877; 13040; 13225
1085; 1564944460.2; 13504; 13880; 13032; 13207
1086; 1564944460.24; 13207; 13853; 13012; 13201
1087; 1564944460.27; 13201; 13868; 13038; 13214
1088; 1564944460.31; 13502; 13889; 13067; 13239
1089; 1564944460.35; 13524; 13914; 13085; 13249
1090; 1564944460.39; 13533; 13925; 13088; 13248
1091; 1564944460.43; 13526; 13914; 13086; 13253
1092; 1564944460.47; 13528; 13909; 13072; 13229
1093; 1564944460.51; 13503; 13885; 13051; 13220
1094; 1564944460.55; 13510; 13905; 13073; 13234
1095; 1564944460.59; 13511; 13901; 13071; 13238
1096; 1564944460.63; 13517; 13905; 13074; 13240
1097; 1564944460.67; 13524; 13906; 13064; 13217
1098; 1564944460.71; 13493; 13881; 13049; 13211
1099; 1564944460.75; 13492; 13881; 13052; 13217
1100; 1564944460.79; 13503; 13899; 13071; 13235
1101; 1564944460.83; 13517; 13906; 13074; 13235
1102; 1564944460.87; 13514; 13898; 13065; 13231
1103; 1564944460.91; 13517; 13904; 13073; 13240
1104; 1564944460.95; 13518; 13902; 13069; 13242
1105; 1564944460.99; 13535; 13913; 13075; 13232
1106; 1564944461.04; 13502; 13878; 13049; 13236
1107; 1564944461.07; 13515; 13885; 13055; 13242
1108; 1564944461.11; 13242; 13900; 13071; 13241
1109; 1564944461.15; 13528; 13912; 13083; 13247
1110; 1564944461.19; 13531; 13914; 13076; 13241
1111; 1564944461.23; 13525; 13909; 13073; 13234
1112; 1564944461.27; 13517; 13904; 13067; 13230
1113; 1564944461.31; 13511; 13898; 13063; 13227
1114; 1564944461.35; 13506; 13886; 13050; 13221
1115; 1564944461.39; 13511; 13896; 13063; 13225
1116; 1564944461.43; 13514; 13911; 13082; 13245
1117; 1564944461.47; 13525; 13915; 13082; 13249
1118; 1564944461.51; 13530; 13920; 13080; 13236
1119; 1564944461.56; 13508; 13884; 13054; 13219
1120; 1564944461.6; 13491; 13854; 13013; 13198
1121; 1564944461.64; 13198; 13863; 13031; 13218
1122; 1564944461.68; 13510; 13881; 13047; 13236
1123; 1564944461.72; 13521; 13899; 13058; 13239
1124; 1564944461.76; 13239; 13901; 13063; 13243
1125; 1564944461.8; 13529; 13895; 13055; 13232
1126; 1564944461.84; 13232; 13875; 13039; 13223
1127; 1564944461.88; 13223; 13881; 13049; 13229
1128; 1564944461.92; 13512; 13874; 13035; 13214
1129; 1564944461.96; 13497; 13867; 13033; 13213
1130; 1564944462.0; 13213; 13867; 13029; 13211
1131; 1564944462.04; 13499; 13874; 13037; 13217
1132; 1564944462.08; 13217; 13875; 13040; 13223
1133; 1564944462.12; 13223; 13878; 13039; 13216
1134; 1564944462.16; 13506; 13881; 13044; 13219
1135; 1564944462.2; 13219; 13866; 13029; 13217
1136; 1564944462.24; 13509; 13880; 13042; 13222
1137; 1564944462.28; 13508; 13890; 13062; 13247
1138; 1564944462.32; 13247; 13898; 13061; 13244
1139; 1564944462.36; 13535; 13910; 13072; 13250
1140; 1564944462.4; 13250; 13905; 13073; 13258
1141; 1564944462.44; 13258; 13909; 13070; 13247
1142; 1564944462.48; 13538; 13912; 13079; 13261
1143; 1564944462.52; 13261; 13905; 13063; 13240
1144; 1564944462.56; 13240; 13901; 13077; 13265
1145; 1564944462.6; 13265; 13907; 13068; 13242
1146; 1564944462.64; 13530; 13902; 13078; 13270
1147; 1564944462.68; 13553; 13926; 13092; 13270
1148; 1564944462.72; 13550; 13923; 13091; 13274
1149; 1564944462.76; 13274; 13919; 13075; 13250
1150; 1564944462.8; 13540; 13912; 13085; 13264
1151; 1564944462.84; 13542; 13906; 13068; 13245
1152; 1564944462.88; 13530; 13903; 13067; 13251
1153; 1564944462.92; 13251; 13898; 13062; 13241
1154; 1564944462.96; 13533; 13904; 13073; 13254
1155; 1564944463.0; 13539; 13914; 13088; 13269
1156; 1564944463.04; 13551; 13925; 13095; 13276
1157; 1564944463.08; 13560; 13932; 13088; 13263
1158; 1564944463.12; 13263; 13920; 13084; 13255
1159; 1564944463.16; 13543; 13909; 13067; 13237
1160; 1564944463.2; 13520; 13902; 13063; 13239
1161; 1564944463.24; 13512; 13889; 13052; 13235
1162; 1564944463.28; 13235; 13880; 13037; 13217
1163; 1564944463.32; 13516; 13889; 13056; 13236
1164; 1564944463.36; 13236; 13888; 13050; 13224
1165; 1564944463.4; 13513; 13877; 13043; 13226
1166; 1564944463.44; 13226; 13888; 13060; 13243
1167; 1564944463.48; 13532; 13896; 13057; 13232
1168; 1564944463.52; 13519; 13894; 13061; 13239
1169; 1564944463.56; 13239; 13889; 13052; 13226
1170; 1564944463.6; 13512; 13875; 13039; 13222
1171; 1564944463.64; 13505; 13872; 13038; 13224
1172; 1564944463.68; 13224; 13886; 13059; 13239
1173; 1564944463.72; 13239; 13888; 13052; 13230
1174; 1564944463.76; 13524; 13893; 13049; 13226
1175; 1564944463.8; 13508; 13876; 13034; 13213
1176; 1564944463.84; 13213; 13867; 13022; 13191
1177; 1564944463.88; 13479; 13848; 13020; 13207
1178; 1564944463.92; 13207; 13874; 13048; 13232
1179; 1564944463.96; 13232; 13897; 13071; 13253
1180; 1564944464.0; 13538; 13905; 13077; 13262
1181; 1564944464.04; 13262; 13911; 13075; 13255
1182; 1564944464.08; 13551; 13927; 13099; 13280
1183; 1564944464.12; 13280; 13918; 13078; 13257
1184; 1564944464.16; 13257; 13910; 13080; 13261
1185; 1564944464.2; 13551; 13916; 13081; 13256
1186; 1564944464.24; 13256; 13895; 13060; 13244
1187; 1564944464.28; 13244; 13913; 13081; 13257
1188; 1564944464.32; 13547; 13916; 13086; 13266
1189; 1564944464.36; 13266; 13922; 13095; 13276
1190; 1564944464.4; 13276; 13927; 13086; 13258
1191; 1564944464.44; 13549; 13918; 13085; 13266
1192; 1564944464.48; 13266; 13920; 13088; 13268
1193; 1564944464.52; 13268; 13913; 13073; 13260
1194; 1564944464.56; 13260; 13922; 13084; 13267
1195; 1564944464.6; 13559; 13927; 13088; 13260
1196; 1564944464.64; 13260; 13911; 13079; 13259
1197; 1564944464.68; 13259; 13903; 13066; 13249
1198; 1564944464.72; 13249; 13904; 13068; 13247
1199; 1564944464.76; 13540; 13905; 13067; 13240
1200; 1564944464.8; 13519; 13886; 13053; 13233
1201; 1564944464.84; 13523; 13902; 13070; 13250
1202; 1564944464.88; 13250; 13903; 13066; 13249
1203; 1564944464.91; 13249; 13905; 13074; 13255
1204; 1564944464.95; 13540; 13911; 13084; 13249
1205; 1564944464.99; 13534; 13923; 13097; 13259
1206; 1564944465.03; 13537; 13928; 13097; 13261
1207; 1564944465.07; 13543; 13933; 13098; 13258
1208; 1564944465.11; 13532; 13917; 13089; 13255
1209; 1564944465.15; 13532; 13916; 13080; 13242
1210; 1564944465.19; 13521; 13900; 13061; 13223
1211; 1564944465.23; 13511; 13906; 13083; 13251
1212; 1564944465.27; 13538; 13925; 13086; 13242
1213; 1564944465.31; 13533; 13932; 13122; 13302
1214; 1564944465.37; 13603; 13981; 13118; 13260
1215; 1564944465.41; 13521; 13894; 13068; 13252
1216; 1564944465.44; 13068; 13252; 13060; 13231
1217; 1564944465.48; 13536; 13907; 13055; 13234
1218; 1564944465.52; 13521; 13898; 13063; 13249
1219; 1564944465.56; 13249; 13906; 13065; 13248
1220; 1564944465.6; 13543; 13908; 13063; 13234
1221; 1564944465.64; 13234; 13889; 13050; 13230
1222; 1564944465.68; 13522; 13885; 13042; 13221
1223; 1564944465.72; 13515; 13897; 13059; 13239
1224; 1564944465.76; 13239; 13897; 13063; 13245
1225; 1564944465.8; 13533; 13902; 13058; 13229
1226; 1564944465.84; 13229; 13873; 13037; 13223
1227; 1564944465.88; 13518; 13881; 13041; 13228
1228; 1564944465.92; 13228; 13886; 13052; 13233
1229; 1564944465.96; 13524; 13890; 13051; 13229
1230; 1564944466.0; 13229; 13874; 13030; 13210
1231; 1564944466.04; 13504; 13870; 13038; 13224
1232; 1564944466.08; 13224; 13874; 13035; 13215
1233; 1564944466.12; 13510; 13881; 13049; 13235
1234; 1564944466.17; 13524; 13912; 13073; 13250
1235; 1564944466.21; 13523; 13902; 13063; 13532
1236; 1564944466.24; 13532; 13902; 13062; 13248
1237; 1564944466.28; 13248; 13912; 13078; 13255
1238; 1564944466.32; 13255; 13903; 13064; 13240
1239; 1564944466.36; 13240; 13886; 13054; 13236
1240; 1564944466.4; 13236; 13897; 13064; 13244
1241; 1564944466.44; 13244; 13903; 13070; 13251
1242; 1564944466.48; 13251; 13915; 13079; 13258
1243; 1564944466.52; 13258; 13919; 13084; 13267
1244; 1564944466.56; 13267; 13915; 13070; 13242
1245; 1564944466.6; 13529; 13900; 13068; 13252
1246; 1564944466.64; 13252; 13911; 13080; 13269
1247; 1564944466.68; 13269; 13926; 13087; 13265
1248; 1564944466.72; 13551; 13911; 13078; 13259
1249; 1564944466.76; 13549; 13930; 13100; 13275
1250; 1564944466.8; 13550; 13916; 13084; 13264
1251; 1564944466.84; 13264; 13911; 13072; 13251
1252; 1564944466.88; 13546; 13918; 13087; 13268
1253; 1564944466.92; 13268; 13906; 13068; 13250
1254; 1564944466.96; 13544; 13907; 13071; 13258
1255; 1564944467.0; 13258; 13911; 13075; 13262
1256; 1564944467.04; 13262; 13923; 13080; 13255
1257; 1564944467.08; 13255; 13902; 13063; 13241
1258; 1564944467.12; 13537; 13913; 13087; 13266
1259; 1564944467.16; 13555; 13923; 13088; 13263
1260; 1564944467.2; 13263; 13906; 13059; 13234
1261; 1564944467.24; 13234; 13898; 13062; 13243
1262; 1564944467.28; 13541; 13917; 13087; 13268
1263; 1564944467.32; 13555; 13925; 13087; 13261
1264; 1564944467.36; 13548; 13923; 13088; 13271
1265; 1564944467.4; 13271; 13934; 13100; 13280
1266; 1564944467.44; 13571; 13935; 13100; 13285
1267; 1564944467.48; 13285; 13928; 13088; 13271
1268; 1564944467.52; 13271; 13926; 13087; 13265
1269; 1564944467.56; 13555; 13912; 13076; 13255
1270; 1564944467.6; 13538; 13901; 13058; 13236
1271; 1564944467.64; 13236; 13889; 13056; 13238
1272; 1564944467.68; 13238; 13892; 13061; 13250
1273; 1564944467.72; 13250; 13906; 13064; 13246
1274; 1564944467.76; 13541; 13901; 13065; 13250
1275; 1564944467.86; 13250; 13855; 13020; 13203
1276; 1564944467.88; 13855; 13020; 13203; 13180
1277; 1564944467.88; 13855; 13020; 13203; 13180
1278; 1564944467.92; 13525; 13905; 13058; 13225
1279; 1564944467.96; 13523; 13903; 13065; 13240
1280; 1564944468.0; 13528; 13889; 13041; 13216
1281; 1564944468.04; 13216; 13874; 13041; 13221
1282; 1564944468.08; 13221; 13870; 13034; 13219
1283; 1564944468.11; 13219; 13896; 13075; 13253
1284; 1564944468.15; 13546; 13922; 13081; 13238
1285; 1564944468.19; 13523; 13904; 13065; 13230
1286; 1564944468.23; 13526; 13916; 13084; 13252
1287; 1564944468.27; 13546; 13931; 13096; 13253
1288; 1564944468.31; 13533; 13915; 13081; 13247
1289; 1564944468.35; 13534; 13914; 13078; 13239
1290; 1564944468.39; 13530; 13913; 13076; 13233
1291; 1564944468.43; 13520; 13907; 13074; 13238
1292; 1564944468.47; 13530; 13919; 13085; 13242
1293; 1564944468.51; 13523; 13901; 13059; 13219
1294; 1564944468.55; 13510; 13895; 13057; 13209
1295; 1564944468.6; 13498; 13879; 13047; 13222
1296; 1564944468.64; 13505; 13874; 13036; 13218
1297; 1564944468.68; 13218; 13885; 13050; 13232
1298; 1564944468.72; 13527; 13892; 13048; 13223
1299; 1564944468.76; 13223; 13877; 13037; 13218
1300; 1564944468.8; 13218; 13881; 13048; 13229
1301; 1564944468.84; 13229; 13888; 13055; 13235
1302; 1564944468.88; 13534; 13904; 13068; 13247
1303; 1564944468.92; 13247; 13906; 13072; 13249
1304; 1564944468.96; 13249; 13894; 13049; 13225
1305; 1564944469.0; 13518; 13880; 13041; 13222
1306; 1564944469.04; 13222; 13891; 13051; 13229
1307; 1564944469.08; 13229; 13887; 13050; 13232
1308; 1564944469.12; 13532; 13901; 13060; 13235
1309; 1564944469.16; 13526; 13903; 13063; 13240
1310; 1564944469.2; 13240; 13900; 13072; 13260
1311; 1564944469.24; 13552; 13911; 13066; 13247
1312; 1564944469.28; 13247; 13914; 13077; 13254
1313; 1564944469.32; 13551; 13914; 13066; 13243
1314; 1564944469.36; 13243; 13903; 13061; 13238
1315; 1564944469.4; 13531; 13890; 13050; 13226
1316; 1564944469.44; 13516; 13896; 13063; 13244
1317; 1564944469.48; 13534; 13910; 13067; 13242
1318; 1564944469.52; 13242; 13897; 13053; 13235
1319; 1564944469.56; 13536; 13901; 13055; 13233
1320; 1564944469.6; 13233; 13896; 13054; 13228
1321; 1564944469.64; 13527; 13898; 13059; 13234
1322; 1564944469.68; 13234; 13894; 13054; 13235
1323; 1564944469.72; 13235; 13886; 13040; 13215
1324; 1564944469.76; 13215; 13881; 13043; 13221
1325; 1564944469.8; 13526; 13901; 13061; 13238
1326; 1564944469.84; 13238; 13892; 13051; 13228
1327; 1564944469.88; 13525; 13895; 13055; 13237
1328; 1564944469.92; 13237; 13907; 13062; 13236
1329; 1564944469.96; 13532; 13900; 13061; 13244
1330; 1564944470.0; 13244; 13903; 13057; 13238
1331; 1564944470.04; 13538; 13904; 13058; 13237
1332; 1564944470.08; 13531; 13909; 13070; 13250
1333; 1564944470.12; 13250; 13908; 13062; 13240
1334; 1564944470.16; 13539; 13914; 13078; 13330
1335; 1564944470.2; 13713; 14101; 13204; 13321
1336; 1564944470.24; 13321; 13918; 13063; 13236
1337; 1564944470.28; 13532; 13902; 13059; 13233
1338; 1564944470.32; 13233; 13888; 13037; 13208
1339; 1564944470.36; 13505; 13868; 13028; 13219
1340; 1564944470.4; 13219; 13882; 13037; 13217
1341; 1564944470.44; 13217; 13886; 13048; 13238
1342; 1564944470.48; 13238; 13906; 13064; 13242
1343; 1564944470.52; 13540; 13913; 13074; 13256
1344; 1564944470.56; 13549; 13922; 13075; 13250
1345; 1564944470.6; 13250; 13913; 13071; 13259
1346; 1564944470.64; 13558; 13931; 13090; 13271
1347; 1564944470.68; 13271; 13928; 13076; 13251
1348; 1564944470.72; 13251; 13919; 13081; 13264
1349; 1564944470.76; 13562; 13929; 13090; 13267
1350; 1564944470.81; 13552; 13918; 13072; 13254
1351; 1564944470.86; 13553; 13960; 13137; 13316
1352; 1564944470.89; 13137; 13316; 13101; 13271
1353; 1564944470.92; 13101; 13271; 13078; 13244
1354; 1564944470.96; 13554; 13928; 13074; 13256
1355; 1564944471.0; 13256; 13924; 13083; 13270
1356; 1564944471.04; 13270; 13943; 13106; 13291
1357; 1564944471.08; 13291; 13947; 13102; 13276
1358; 1564944471.12; 13276; 13937; 13091; 13270
1359; 1564944471.16; 13571; 13947; 13111; 13287
1360; 1564944471.2; 13576; 13944; 13090; 13262
1361; 1564944471.24; 13550; 13918; 13073; 13254
1362; 1564944471.28; 13549; 13918; 13068; 13248
1363; 1564944471.32; 13248; 13914; 13067; 13252
1364; 1564944471.36; 13554; 13928; 13086; 13268
1365; 1564944471.4; 13268; 13931; 13090; 13269
1366; 1564944471.44; 13572; 13948; 13109; 13284
1367; 1564944471.48; 13284; 13929; 13081; 13256
1368; 1564944471.52; 13256; 13932; 13086; 13254
1369; 1564944471.56; 13549; 13929; 13087; 13256
1370; 1564944471.6; 13540; 13898; 13049; 13222
1371; 1564944471.64; 13222; 13879; 13039; 13227
1372; 1564944471.68; 13532; 13899; 13054; 13230
1373; 1564944471.72; 13519; 13888; 13044; 13227
1374; 1564944471.76; 13520; 13898; 13061; 13241
1375; 1564944471.8; 13241; 13902; 13062; 13245
1376; 1564944471.84; 13245; 13913; 13070; 13252
1377; 1564944471.88; 13550; 13920; 13079; 13255
1378; 1564944471.92; 13255; 13908; 13067; 13247
1379; 1564944471.96; 13247; 13907; 13068; 13251
1380; 1564944472.0; 13548; 13913; 13069; 13251
1381; 1564944472.04; 13251; 13909; 13062; 13245
1382; 1564944472.08; 13245; 13923; 13089; 13279
1383; 1564944472.12; 13279; 13953; 13114; 13294
1384; 1564944472.16; 13294; 13947; 13096; 13272
1385; 1564944472.2; 13272; 13933; 13090; 13277
1386; 1564944472.24; 13277; 13952; 13113; 13289
1387; 1564944472.28; 13289; 13933; 13089; 13267
1388; 1564944472.32; 13267; 13921; 13079; 13259
1389; 1564944472.36; 13259; 13925; 13079; 13258
1390; 1564944472.4; 13258; 13924; 13077; 13251
1391; 1564944472.44; 13251; 13914; 13079; 13263
1392; 1564944472.48; 13263; 13921; 13077; 13262
1393; 1564944472.52; 13262; 13932; 13095; 13277
1394; 1564944472.56; 13277; 13939; 13095; 13278
1395; 1564944472.6; 13278; 13939; 13093; 13272
1396; 1564944472.64; 13272; 13937; 13096; 13277
1397; 1564944472.68; 13277; 13929; 13079; 13251
1398; 1564944472.72; 13551; 13915; 13065; 13243
1399; 1564944472.76; 13243; 13901; 13050; 13224
1400; 1564944472.8; 13224; 13890; 13047; 13231
1401; 1564944472.84; 13231; 13892; 13046; 13228
1402; 1564944472.88; 13228; 13888; 13049; 13234
1403; 1564944472.92; 13234; 13904; 13062; 13244
1404; 1564944472.96; 13543; 13905; 13061; 13244
1405; 1564944473.0; 13244; 13907; 13068; 13251
1406; 1564944473.04; 13251; 13911; 13073; 13253
1407; 1564944473.08; 13253; 13919; 13083; 13269
1408; 1564944473.12; 13269; 13936; 13096; 13277
1409; 1564944473.16; 13574; 13932; 13079; 13255
1410; 1564944473.2; 13255; 13919; 13083; 13270
1411; 1564944473.24; 13270; 13922; 13077; 13263
1412; 1564944473.28; 13263; 13931; 13091; 13273
1413; 1564944473.31; 13273; 13952; 13131; 13302
1414; 1564944473.35; 13599; 13974; 13127; 13277
1415; 1564944473.39; 13558; 13931; 13093; 13256
1416; 1564944473.43; 13550; 13935; 13096; 13257
1417; 1564944473.47; 13548; 13927; 13084; 13247
1418; 1564944473.51; 13548; 13948; 13122; 13285
1419; 1564944473.55; 13566; 13938; 13096; 13258
1420; 1564944473.59; 13549; 13935; 13096; 13252
1421; 1564944473.63; 13541; 13916; 13071; 13228
1422; 1564944473.67; 13522; 13910; 13078; 13248
1423; 1564944473.71; 13544; 13926; 13082; 13245
1424; 1564944473.76; 13532; 13902; 13055; 13210
1425; 1564944473.8; 13510; 13886; 13049; 13225
1426; 1564944473.84; 13517; 13889; 13050; 13229
1427; 1564944473.88; 13229; 13879; 13036; 13227
1428; 1564944473.92; 13227; 13897; 13055; 13238
1429; 1564944473.96; 13238; 13904; 13069; 13256
1430; 1564944474.0; 13256; 13912; 13071; 13252
1431; 1564944474.04; 13252; 13908; 13066; 13239
1432; 1564944474.08; 13239; 13883; 13044; 13229
1433; 1564944474.12; 13229; 13889; 13044; 13224
1434; 1564944474.16; 13224; 13879; 13039; 13220
1435; 1564944474.21; 13520; 13900; 13059; 13235
1436; 1564944474.25; 13235; 13897; 13053; 13244
1437; 1564944474.28; 13244; 13907; 13056; 13231
1438; 1564944474.32; 13231; 13883; 13038; 13224
1439; 1564944474.36; 13224; 13877; 13028; 13215
1440; 1564944474.4; 13215; 13891; 13047; 13226
1441; 1564944474.44; 13226; 13890; 13048; 13230
1442; 1564944474.48; 13230; 13889; 13049; 13233
1443; 1564944474.52; 13233; 13916; 13076; 13254
1444; 1564944474.56; 13254; 13907; 13064; 13253
1445; 1564944474.6; 13253; 13924; 13079; 13259
1446; 1564944474.64; 13259; 13924; 13082; 13259
1447; 1564944474.68; 13259; 13916; 13069; 13245
1448; 1564944474.72; 13245; 13905; 13054; 13222
1449; 1564944474.76; 13222; 13872; 13040; 13231
1450; 1564944474.8; 13231; 13896; 13062; 13247
1451; 1564944474.84; 13247; 13907; 13070; 13245
1452; 1564944474.88; 13245; 13897; 13056; 13239
1453; 1564944474.92; 13239; 13907; 13068; 13251
1454; 1564944474.96; 13251; 13911; 13074; 13254
1455; 1564944475.0; 13254; 13908; 13068; 13253
1456; 1564944475.04; 13253; 13914; 13069; 13251
1457; 1564944475.08; 13251; 13903; 13061; 13243
1458; 1564944475.12; 13243; 13897; 13059; 13244
1459; 1564944475.16; 13244; 13902; 13061; 13240
1460; 1564944475.2; 13240; 13908; 13078; 13262
1461; 1564944475.24; 13262; 13909; 13064; 13244
1462; 1564944475.28; 13244; 13900; 13053; 13235
1463; 1564944475.32; 13235; 13891; 13051; 13244
1464; 1564944475.36; 13244; 13911; 13082; 13274
1465; 1564944475.4; 13274; 13934; 13092; 13262
1466; 1564944475.44; 13262; 13906; 13063; 13253
1467; 1564944475.48; 13253; 13920; 13078; 13258
1468; 1564944475.52; 13258; 13920; 13080; 13262
1469; 1564944475.56; 13262; 13925; 13088; 13265
1470; 1564944475.6; 13265; 13908; 13063; 13245
1471; 1564944475.64; 13245; 13905; 13057; 13243
1472; 1564944475.68; 13243; 13905; 13063; 13242
1473; 1564944475.72; 13242; 13890; 13035; 13212
1474; 1564944475.76; 13511; 13870; 13038; 13233
1475; 1564944475.8; 13233; 13903; 13066; 13248
1476; 1564944475.84; 13248; 13896; 13049; 13231
1477; 1564944475.88; 13231; 13897; 13058; 13243
1478; 1564944475.92; 13243; 13905; 13063; 13243
1479; 1564944475.96; 13243; 13909; 13064; 13238
1480; 1564944476.0; 13238; 13899; 13060; 13241
1481; 1564944476.04; 13241; 13910; 13074; 13254
1482; 1564944476.08; 13254; 13915; 13068; 13244
1483; 1564944476.12; 13244; 13904; 13063; 13245
1484; 1564944476.16; 13245; 13915; 13077; 13264
1485; 1564944476.2; 13264; 13931; 13078; 13255
1486; 1564944476.24; 13255; 13919; 13084; 13268
1487; 1564944476.28; 13268; 13921; 13077; 13254
1488; 1564944476.32; 13254; 13908; 13067; 13254
1489; 1564944476.36; 13254; 13928; 13088; 13270
1490; 1564944476.4; 13270; 13928; 13084; 13270
1491; 1564944476.44; 13270; 13944; 13101; 13280
1492; 1564944476.48; 13280; 13931; 13095; 13280
1493; 1564944476.52; 13589; 13963; 13130; 13287
1494; 1564944476.56; 13569; 13929; 13084; 13261
1495; 1564944476.61; 13553; 13934; 13084; 13559
1496; 1564944476.64; 13559; 13918; 13064; 13257
1497; 1564944476.68; 13257; 13930; 13088; 13284
1498; 1564944476.72; 13284; 13965; 13121; 13296
1499; 1564944476.76; 13296; 13954; 13095; 13269
1500; 1564944476.8; 13269; 13926; 13085; 13263
1501; 1564944476.84; 13263; 13912; 13073; 13256
1502; 1564944476.88; 13256; 13915; 13076; 13257
1503; 1564944476.92; 13257; 13912; 13067; 13245
1504; 1564944476.96; 13245; 13898; 13057; 13240
1505; 1564944477.0; 13240; 13909; 13067; 13251
1506; 1564944477.04; 13251; 13910; 13068; 13249
1507; 1564944477.08; 13249; 13913; 13064; 13233
1508; 1564944477.12; 13233; 13884; 13040; 13231
1509; 1564944477.16; 13231; 13905; 13069; 13257
1510; 1564944477.2; 13257; 13918; 13078; 13258
1511; 1564944477.24; 13258; 13917; 13078; 13262
1512; 1564944477.28; 13262; 13919; 13075; 13261
1513; 1564944477.32; 13261; 13924; 13078; 13255
1514; 1564944477.36; 13255; 13926; 13092; 13278
1515; 1564944477.4; 13278; 13939; 13090; 13268
1516; 1564944477.44; 13268; 13922; 13075; 13259
1517; 1564944477.48; 13259; 13903; 13057; 13238
1518; 1564944477.52; 13238; 13894; 13058; 13241
1519; 1564944477.56; 13241; 13904; 13076; 13260
1520; 1564944477.6; 13260; 13909; 13074; 13260
1521; 1564944477.64; 13260; 13921; 13082; 13269
1522; 1564944477.68; 13269; 13919; 13072; 13249
1523; 1564944477.72; 13249; 13907; 13067; 13246
1524; 1564944477.76; 13246; 13908; 13071; 13255
1525; 1564944477.8; 13558; 13920; 13077; 13255
1526; 1564944477.84; 13255; 13909; 13076; 13268
1527; 1564944477.88; 13268; 13936; 13099; 13275
1528; 1564944477.92; 13275; 13918; 13078; 13262
1529; 1564944477.96; 13262; 13917; 13078; 13259
1530; 1564944478.0; 13259; 13910; 13068; 13251
1531; 1564944478.04; 13251; 13907; 13060; 13241
1532; 1564944478.08; 13241; 13900; 13062; 13242
1533; 1564944478.12; 13242; 13903; 13062; 13232
1534; 1564944478.16; 13232; 13886; 13048; 13233
1535; 1564944478.2; 13539; 13914; 13073; 13258
1536; 1564944478.24; 13258; 13913; 13069; 13252
1537; 1564944478.28; 13252; 13917; 13077; 13255
1538; 1564944478.32; 13255; 13911; 13075; 13257
1539; 1564944478.36; 13257; 13910; 13074; 13254
1540; 1564944478.4; 13254; 13918; 13095; 13309
1541; 1564944478.44; 13309; 13978; 13128; 13291
1542; 1564944478.48; 13587; 13957; 13106; 13273
1543; 1564944478.52; 13273; 13937; 13113; 13309
1544; 1564944478.56; 13606; 13961; 13113; 13288
1545; 1564944478.6; 13288; 13938; 13091; 13271
1546; 1564944478.64; 13271; 13914; 13058; 13240
1547; 1564944478.68; 13240; 13895; 13051; 13229
1548; 1564944478.72; 13229; 13911; 13075; 13254
1549; 1564944478.76; 13254; 13916; 13083; 13270
1550; 1564944478.8; 13270; 13926; 13098; 13283
1551; 1564944478.87; 13283; 13957; 13118; 13564
1552; 1564944478.91; 13564; 13931; 13564; 13956
1553; 1564944478.93; 13564; 13956; 13134; 13317
1554; 1564944478.97; 13317; 13979; 13134; 13305
1555; 1564944479.01; 13305; 13957; 13123; 13316
1556; 1564944479.05; 13316; 13969; 13117; 13285
1557; 1564944479.1; 13285; 13934; 13093; 13278
1558; 1564944479.13; 13093; 13278; 13098; 13275
1559; 1564944479.17; 13275; 13946; 13080; 13566
1560; 1564944479.2; 13566; 13941; 13102; 13284
1561; 1564944479.24; 13284; 13950; 13121; 13297
1562; 1564944479.28; 13297; 13935; 13091; 13274
1563; 1564944479.32; 13274; 13938; 13081; 13249
1564; 1564944479.36; 13249; 13898; 13047; 13223
1565; 1564944479.4; 13531; 13885; 13020; 13185
1566; 1564944479.44; 13185; 13856; 13022; 13209
1567; 1564944479.48; 13209; 13870; 13016; 13192
1568; 1564944479.52; 13192; 13839; 12988; 13176
1569; 1564944479.56; 13176; 13848; 13007; 13195
1570; 1564944479.6; 13195; 13866; 13026; 13206
1571; 1564944479.64; 13206; 13851; 12996; 13179
1572; 1564944479.68; 13179; 13844; 13001; 13188
1573; 1564944479.72; 13188; 13859; 13028; 13199
1574; 1564944479.75; 13501; 13868; 13050; 13229
1575; 1564944479.79; 13525; 13906; 13080; 13252
1576; 1564944479.83; 13537; 13913; 13077; 13233
1577; 1564944479.87; 13514; 13881; 13042; 13193
1578; 1564944479.91; 13477; 13851; 13024; 13195
1579; 1564944479.95; 13490; 13864; 13027; 13189
1580; 1564944479.99; 13482; 13860; 13028; 13193
1581; 1564944480.03; 13486; 13867; 13047; 13215
1582; 1564944480.07; 13508; 13885; 13060; 13226
1583; 1564944480.12; 13514; 13884; 13052; 13220
1584; 1564944480.16; 13512; 13878; 13036; 13218
1585; 1564944480.2; 13511; 13873; 13036; 13225
1586; 1564944480.24; 13225; 13879; 13032; 13211
1587; 1564944480.28; 13211; 13864; 13023; 13212
1588; 1564944480.32; 13212; 13880; 13042; 13231
1589; 1564944480.36; 13231; 13887; 13042; 13225
1590; 1564944480.4; 13225; 13880; 13040; 13234
1591; 1564944480.44; 13234; 13897; 13053; 13237
1592; 1564944480.48; 13237; 13896; 13052; 13237
1593; 1564944480.52; 13237; 13914; 13076; 13251
1594; 1564944480.56; 13251; 13896; 13049; 13231
1595; 1564944480.6; 13231; 13887; 13042; 13234
1596; 1564944480.64; 13234; 13922; 13072; 13248
1597; 1564944480.68; 13248; 13899; 13053; 13236
1598; 1564944480.72; 13236; 13893; 13055; 13246
1599; 1564944480.76; 13246; 13905; 13060; 13244
1600; 1564944480.8; 13244; 13892; 13045; 13228
1601; 1564944480.84; 13228; 13886; 13045; 13228
1602; 1564944480.88; 13228; 13891; 13048; 13234
1603; 1564944480.92; 13234; 13892; 13056; 13249
1604; 1564944480.96; 13249; 13899; 13057; 13242
1605; 1564944481.0; 13242; 13902; 13064; 13248
1606; 1564944481.04; 13248; 13923; 13095; 13276
1607; 1564944481.08; 13579; 13930; 13078; 13260
1608; 1564944481.12; 13560; 13923; 13081; 13264
1609; 1564944481.16; 13264; 13924; 13078; 13258
1610; 1564944481.2; 13258; 13929; 13089; 13267
1611; 1564944481.24; 13267; 13917; 13071; 13251
1612; 1564944481.28; 13251; 13906; 13063; 13243
1613; 1564944481.32; 13243; 13914; 13077; 13262
1614; 1564944481.36; 13262; 13914; 13071; 13253
1615; 1564944481.4; 13253; 13912; 13066; 13251
1616; 1564944481.44; 13251; 13911; 13066; 13246
1617; 1564944481.48; 13246; 13909; 13069; 13255
1618; 1564944481.52; 13255; 13911; 13067; 13249
1619; 1564944481.56; 13249; 13915; 13080; 13266
1620; 1564944481.6; 13266; 13931; 13089; 13270
1621; 1564944481.64; 13270; 13914; 13053; 13223
1622; 1564944481.68; 13223; 13887; 13042; 13223
1623; 1564944481.72; 13223; 13872; 13027; 13219
1624; 1564944481.76; 13219; 13900; 13056; 13241
1625; 1564944481.8; 13241; 13907; 13066; 13250
1626; 1564944481.84; 13250; 13913; 13071; 13262
1627; 1564944481.88; 13262; 13924; 13084; 13270
1628; 1564944481.92; 13270; 13928; 13096; 13288
1629; 1564944481.96; 13288; 13939; 13092; 13275
1630; 1564944482.0; 13275; 13929; 13085; 13273
1631; 1564944482.04; 13273; 13942; 13099; 13278
1632; 1564944482.08; 13278; 13934; 13092; 13272
1633; 1564944482.12; 13272; 13929; 13084; 13264
1634; 1564944482.16; 13264; 13936; 13094; 13281
1635; 1564944482.2; 13281; 13933; 13090; 13277
1636; 1564944482.24; 13277; 13937; 13092; 13271
1637; 1564944482.28; 13271; 13923; 13083; 13269
1638; 1564944482.32; 13269; 13930; 13090; 13273
1639; 1564944482.36; 13273; 13926; 13079; 13254
1640; 1564944482.4; 13254; 13946; 13126; 13309
1641; 1564944482.44; 13309; 13989; 13133; 13308
1642; 1564944482.48; 13308; 13965; 13114; 13300
1643; 1564944482.52; 13300; 13924; 13053; 13220
1644; 1564944482.56; 13220; 13880; 13068; 13258
1645; 1564944482.6; 13258; 13930; 13096; 13287
1646; 1564944482.64; 13287; 13951; 13091; 13259
1647; 1564944482.68; 13259; 13907; 13056; 13253
1648; 1564944482.72; 13253; 13926; 13090; 13271
1649; 1564944482.76; 13271; 13949; 13115; 13286
1650; 1564944482.8; 13286; 13952; 13084; 13241
1651; 1564944482.84; 13241; 13916; 13084; 13296
1652; 1564944482.88; 13296; 13959; 13109; 13298
1653; 1564944482.92; 13298; 13955; 13103; 13266
1654; 1564944482.96; 13266; 13910; 13084; 13277
1655; 1564944483.0; 13277; 13979; 13125; 13302
1656; 1564944483.04; 13302; 13973; 13111; 13263
1657; 1564944483.08; 13263; 13895; 13049; 13239
1658; 1564944483.12; 13239; 13925; 13094; 13265
1659; 1564944483.16; 13265; 13944; 13111; 13294
1660; 1564944483.2; 13294; 13940; 13095; 13274
1661; 1564944483.24; 13274; 13917; 13054; 13225
1662; 1564944483.28; 13225; 13880; 13037; 13221
1663; 1564944483.32; 13221; 13884; 13037; 13219
1664; 1564944483.36; 13219; 13892; 13052; 13243
1665; 1564944483.4; 13243; 13907; 13060; 13235
1666; 1564944483.44; 13235; 13893; 13047; 13230
1667; 1564944483.48; 13230; 13889; 13047; 13234
1668; 1564944483.52; 13234; 13900; 13057; 13240
1669; 1564944483.56; 13240; 13901; 13059; 13244
1670; 1564944483.6; 13551; 13907; 13056; 13231
1671; 1564944483.64; 13231; 13896; 13048; 13230
1672; 1564944483.68; 13230; 13887; 13040; 13229
1673; 1564944483.72; 13229; 13889; 13043; 13231
1674; 1564944483.76; 13231; 13894; 13045; 13228
1675; 1564944483.8; 13228; 13888; 13042; 13225
1676; 1564944483.84; 13225; 13898; 13062; 13249
1677; 1564944483.88; 13249; 13916; 13068; 13244
1678; 1564944483.92; 13244; 13893; 13052; 13233
1679; 1564944483.96; 13233; 13883; 13033; 13221
1680; 1564944484.0; 13221; 13893; 13043; 13219
1681; 1564944484.04; 13219; 13877; 13037; 13228
1682; 1564944484.08; 13228; 13912; 13081; 13275
1683; 1564944484.12; 13275; 13943; 13099; 13281
1684; 1564944484.16; 13281; 13940; 13093; 13280
1685; 1564944484.2; 13586; 13941; 13091; 13267
1686; 1564944484.24; 13267; 13935; 13087; 13267
1687; 1564944484.28; 13267; 13921; 13072; 13250
1688; 1564944484.32; 13250; 13904; 13059; 13250
1689; 1564944484.36; 13250; 13926; 13086; 13266
1690; 1564944484.4; 13266; 13920; 13080; 13261
1691; 1564944484.44; 13261; 13921; 13066; 13242
1692; 1564944484.48; 13242; 13903; 13056; 13244
1693; 1564944484.52; 13559; 13917; 13073; 13254
1694; 1564944484.56; 13254; 13906; 13071; 13267
1695; 1564944484.6; 13267; 13935; 13088; 13270
1696; 1564944484.64; 13270; 13927; 13082; 13259
1697; 1564944484.68; 13259; 13923; 13078; 13260
1698; 1564944484.72; 13260; 13934; 13094; 13279
1699; 1564944484.76; 13279; 13930; 13076; 13247
1700; 1564944484.8; 13247; 13916; 13077; 13262
1701; 1564944484.84; 13262; 13915; 13066; 13248
1702; 1564944484.88; 13248; 13915; 13074; 13257
1703; 1564944484.92; 13257; 13907; 13064; 13250
1704; 1564944484.96; 13250; 13916; 13077; 13265
1705; 1564944485.0; 13265; 13933; 13089; 13272
1706; 1564944485.04; 13272; 13927; 13084; 13264
1707; 1564944485.08; 13264; 13913; 13070; 13254
1708; 1564944485.12; 13254; 13916; 13083; 13275
1709; 1564944485.16; 13275; 13947; 13108; 13291
1710; 1564944485.2; 13291; 13950; 13106; 13287
1711; 1564944485.24; 13287; 13938; 13088; 13270
1712; 1564944485.28; 13270; 13935; 13087; 13259
1713; 1564944485.32; 13259; 13904; 13065; 13252
1714; 1564944485.36; 13252; 13910; 13064; 13251
1715; 1564944485.4; 13251; 13914; 13070; 13253
1716; 1564944485.44; 13253; 13902; 13048; 13225
1717; 1564944485.48; 13225; 13896; 13055; 13244
1718; 1564944485.52; 13244; 13912; 13069; 13259
1719; 1564944485.56; 13259; 13932; 13089; 13265
1720; 1564944485.6; 13265; 13912; 13058; 13239
1721; 1564944485.64; 13239; 13896; 13052; 13240
1722; 1564944485.68; 13561; 13939; 13120; 13343
1723; 1564944485.72; 13343; 14015; 13176; 13351
1724; 1564944485.76; 13351; 14016; 13180; 13369
1725; 1564944485.8; 13369; 14037; 13198; 13379
1726; 1564944485.84; 13379; 14029; 13192; 13373
1727; 1564944485.88; 13373; 14027; 13187; 13371
1728; 1564944485.92; 13371; 14026; 13183; 13366
1729; 1564944485.96; 13366; 14024; 13188; 13378
1730; 1564944485.99; 13378; 14043; 13207; 13368
1731; 1564944486.03; 13657; 14027; 13197; 13360
1732; 1564944486.08; 13648; 14010; 13164; 13325
1733; 1564944486.12; 13325; 13973; 13132; 13319
1734; 1564944486.16; 13632; 13986; 13151; 13340
1735; 1564944486.2; 13340; 13997; 13152; 13328
1736; 1564944486.24; 13328; 13968; 13120; 13296
1737; 1564944486.28; 13296; 14017; 13214; 13423
1738; 1564944486.32; 13423; 14097; 13257; 13438
1739; 1564944486.36; 13438; 14093; 13258; 13439
1740; 1564944486.4; 13439; 14080; 13234; 13407
1741; 1564944486.44; 13711; 14059; 13222; 13407
1742; 1564944486.48; 13407; 14060; 13210; 13381
1743; 1564944486.52; 13381; 14036; 13193; 13371
1744; 1564944486.56; 13371; 14025; 13185; 13364
1745; 1564944486.6; 13364; 14015; 13165; 13344
1746; 1564944486.64; 13344; 14022; 13179; 13355
1747; 1564944486.68; 13355; 14008; 13159; 13334
1748; 1564944486.72; 13334; 13987; 13144; 13324
1749; 1564944486.76; 13324; 13965; 13102; 13265
1750; 1564944486.8; 13582; 13933; 13085; 13261
1751; 1564944486.86; 13572; 13931; 13103; 13299
1752; 1564944486.89; 13299; 13996; 13149; 13315
1753; 1564944486.92; 13315; 13963; 13102; 13269
1754; 1564944486.96; 13269; 13903; 13016; 13153
1755; 1564944487.0; 13454; 13786; 12932; 13100
1756; 1564944487.04; 13411; 13761; 12919; 13101
1757; 1564944487.07; 13101; 13780; 12929; 13102
